question,answer,context
What is the maximum permitted assembly U-value for a residential exterior mass wall in Climate Zone 3A according to ASHRAE 90.1-2004?,"SELECT assembly_maximum_u_value, assembly_maximum_u_value_unit
FROM envelope_requirements_90_1
WHERE template = '90.1-2004'
  AND climate_zone_set = 'ClimateZone 3A'
  AND intended_surface_type = 'ExteriorWall'
  AND standards_construction_type = 'Mass'
  AND building_category = 'Residential';","CREATE TABLE envelope_requirements_90_1
(id INTEGER PRIMARY KEY, 
template TEXT NOT NULL, 
climate_zone_set TEXT NOT NULL,
intended_surface_type TEXT NOT NULL,
standards_construction_type TEXT,
building_category TEXT NOT NULL,
construction TEXT NOT NULL,
minimum_percent_of_surface NUMERIC,
maximum_percent_of_surface NUMERIC,
assembly_maximum_u_value NUMERIC,
assembly_maximum_u_value_unit TEXT,
u_value_includes_interior_film_coefficient TEXT,
u_value_includes_exterior_film_coefficient TEXT,
assembly_maximum_f_factor NUMERIC,
assembly_maximum_f_factor_unit TEXT,
assembly_maximum_c_factor NUMERIC,
assembly_maximum_c_factor_unit TEXT,
orientation TEXT,
minimum_projection_factor NUMERIC,
maximum_projection_factor NUMERIC,
assembly_maximum_solar_heat_gain_coefficient NUMERIC,
assembly_minimum_visible_transmittance NUMERIC,
assembly_minimum_vt_shgc NUMERIC,
annotation TEXT,
FOREIGN KEY(construction) REFERENCES support_constructions(name)
)"
"What is the maximum permitted assembly U-value for a residential exterior mass wall in Climate Zone 3A according to ASHRAE 90.1-2004, could you?","SELECT assembly_maximum_u_value, assembly_maximum_u_value_unit
FROM envelope_requirements_90_1
WHERE template = '90.1-2004'
  AND climate_zone_set = 'ClimateZone 3A'
  AND intended_surface_type = 'ExteriorWall'
  AND standards_construction_type = 'Mass'
  AND building_category = 'Residential';","CREATE TABLE envelope_requirements_90_1
(id INTEGER PRIMARY KEY, 
template TEXT NOT NULL, 
climate_zone_set TEXT NOT NULL,
intended_surface_type TEXT NOT NULL,
standards_construction_type TEXT,
building_category TEXT NOT NULL,
construction TEXT NOT NULL,
minimum_percent_of_surface NUMERIC,
maximum_percent_of_surface NUMERIC,
assembly_maximum_u_value NUMERIC,
assembly_maximum_u_value_unit TEXT,
u_value_includes_interior_film_coefficient TEXT,
u_value_includes_exterior_film_coefficient TEXT,
assembly_maximum_f_factor NUMERIC,
assembly_maximum_f_factor_unit TEXT,
assembly_maximum_c_factor NUMERIC,
assembly_maximum_c_factor_unit TEXT,
orientation TEXT,
minimum_projection_factor NUMERIC,
maximum_projection_factor NUMERIC,
assembly_maximum_solar_heat_gain_coefficient NUMERIC,
assembly_minimum_visible_transmittance NUMERIC,
assembly_minimum_vt_shgc NUMERIC,
annotation TEXT,
FOREIGN KEY(construction) REFERENCES support_constructions(name)
)"
would you What is the maximum permitted assembly U-value for a residential exterior mass wall in Climate Zone 3A according to ASHRAE 90.1-2004?,"SELECT assembly_maximum_u_value, assembly_maximum_u_value_unit
FROM envelope_requirements_90_1
WHERE template = '90.1-2004'
  AND climate_zone_set = 'ClimateZone 3A'
  AND intended_surface_type = 'ExteriorWall'
  AND standards_construction_type = 'Mass'
  AND building_category = 'Residential';","CREATE TABLE envelope_requirements_90_1
(id INTEGER PRIMARY KEY, 
template TEXT NOT NULL, 
climate_zone_set TEXT NOT NULL,
intended_surface_type TEXT NOT NULL,
standards_construction_type TEXT,
building_category TEXT NOT NULL,
construction TEXT NOT NULL,
minimum_percent_of_surface NUMERIC,
maximum_percent_of_surface NUMERIC,
assembly_maximum_u_value NUMERIC,
assembly_maximum_u_value_unit TEXT,
u_value_includes_interior_film_coefficient TEXT,
u_value_includes_exterior_film_coefficient TEXT,
assembly_maximum_f_factor NUMERIC,
assembly_maximum_f_factor_unit TEXT,
assembly_maximum_c_factor NUMERIC,
assembly_maximum_c_factor_unit TEXT,
orientation TEXT,
minimum_projection_factor NUMERIC,
maximum_projection_factor NUMERIC,
assembly_maximum_solar_heat_gain_coefficient NUMERIC,
assembly_minimum_visible_transmittance NUMERIC,
assembly_minimum_vt_shgc NUMERIC,
annotation TEXT,
FOREIGN KEY(construction) REFERENCES support_constructions(name)
)"
what is the maximum permitted assembly u - value for a residential exterior mass wall in euro type 3a according to ashrae 8. 1 - 2004?,"SELECT assembly_maximum_u_value, assembly_maximum_u_value_unit
FROM envelope_requirements_90_1
WHERE template = '90.1-2004'
  AND climate_zone_set = 'ClimateZone 3A'
  AND intended_surface_type = 'ExteriorWall'
  AND standards_construction_type = 'Mass'
  AND building_category = 'Residential';","CREATE TABLE envelope_requirements_90_1
(id INTEGER PRIMARY KEY, 
template TEXT NOT NULL, 
climate_zone_set TEXT NOT NULL,
intended_surface_type TEXT NOT NULL,
standards_construction_type TEXT,
building_category TEXT NOT NULL,
construction TEXT NOT NULL,
minimum_percent_of_surface NUMERIC,
maximum_percent_of_surface NUMERIC,
assembly_maximum_u_value NUMERIC,
assembly_maximum_u_value_unit TEXT,
u_value_includes_interior_film_coefficient TEXT,
u_value_includes_exterior_film_coefficient TEXT,
assembly_maximum_f_factor NUMERIC,
assembly_maximum_f_factor_unit TEXT,
assembly_maximum_c_factor NUMERIC,
assembly_maximum_c_factor_unit TEXT,
orientation TEXT,
minimum_projection_factor NUMERIC,
maximum_projection_factor NUMERIC,
assembly_maximum_solar_heat_gain_coefficient NUMERIC,
assembly_minimum_visible_transmittance NUMERIC,
assembly_minimum_vt_shgc NUMERIC,
annotation TEXT,
FOREIGN KEY(construction) REFERENCES support_constructions(name)
)"
What is the maximum permitted solar heat coefficient for a southern facing nonresidential glass door in Climate Zone 7 according to ASHRAE 90.1-2004?,"SELECT assembly_maximum_solar_heat_gain_coefficient, 
       minimum_percent_of_surface, 
       maximum_percent_of_surface,
       orientation
FROM envelope_requirements_90_1
WHERE template = '90.1-2004'
  AND climate_zone_set LIKE 'ClimateZone 7%'
  AND intended_surface_type = 'GlassDoor'
  AND building_category = 'Nonresidential'
  AND orientation LIKE '%S%';","CREATE TABLE envelope_requirements_90_1
(id INTEGER PRIMARY KEY, 
template TEXT NOT NULL, 
climate_zone_set TEXT NOT NULL,
intended_surface_type TEXT NOT NULL,
standards_construction_type TEXT,
building_category TEXT NOT NULL,
construction TEXT NOT NULL,
minimum_percent_of_surface NUMERIC,
maximum_percent_of_surface NUMERIC,
assembly_maximum_u_value NUMERIC,
assembly_maximum_u_value_unit TEXT,
u_value_includes_interior_film_coefficient TEXT,
u_value_includes_exterior_film_coefficient TEXT,
assembly_maximum_f_factor NUMERIC,
assembly_maximum_f_factor_unit TEXT,
assembly_maximum_c_factor NUMERIC,
assembly_maximum_c_factor_unit TEXT,
orientation TEXT,
minimum_projection_factor NUMERIC,
maximum_projection_factor NUMERIC,
assembly_maximum_solar_heat_gain_coefficient NUMERIC,
assembly_minimum_visible_transmittance NUMERIC,
assembly_minimum_vt_shgc NUMERIC,
annotation TEXT,
FOREIGN KEY(construction) REFERENCES support_constructions(name)
)"
what is the maximum permitted solar heat coefficient in a southern facing nonresidential glass door in residential zone 7 according set date 90. 1 - 2004?,"SELECT assembly_maximum_solar_heat_gain_coefficient, 
       minimum_percent_of_surface, 
       maximum_percent_of_surface,
       orientation
FROM envelope_requirements_90_1
WHERE template = '90.1-2004'
  AND climate_zone_set LIKE 'ClimateZone 7%'
  AND intended_surface_type = 'GlassDoor'
  AND building_category = 'Nonresidential'
  AND orientation LIKE '%S%';","CREATE TABLE envelope_requirements_90_1
(id INTEGER PRIMARY KEY, 
template TEXT NOT NULL, 
climate_zone_set TEXT NOT NULL,
intended_surface_type TEXT NOT NULL,
standards_construction_type TEXT,
building_category TEXT NOT NULL,
construction TEXT NOT NULL,
minimum_percent_of_surface NUMERIC,
maximum_percent_of_surface NUMERIC,
assembly_maximum_u_value NUMERIC,
assembly_maximum_u_value_unit TEXT,
u_value_includes_interior_film_coefficient TEXT,
u_value_includes_exterior_film_coefficient TEXT,
assembly_maximum_f_factor NUMERIC,
assembly_maximum_f_factor_unit TEXT,
assembly_maximum_c_factor NUMERIC,
assembly_maximum_c_factor_unit TEXT,
orientation TEXT,
minimum_projection_factor NUMERIC,
maximum_projection_factor NUMERIC,
assembly_maximum_solar_heat_gain_coefficient NUMERIC,
assembly_minimum_visible_transmittance NUMERIC,
assembly_minimum_vt_shgc NUMERIC,
annotation TEXT,
FOREIGN KEY(construction) REFERENCES support_constructions(name)
)"
would you What is the maximum permitted solar heat coefficient for a southern facing nonresidential glass door in Climate Zone 7 according to ASHRAE 90.1-2004?,"SELECT assembly_maximum_solar_heat_gain_coefficient, 
       minimum_percent_of_surface, 
       maximum_percent_of_surface,
       orientation
FROM envelope_requirements_90_1
WHERE template = '90.1-2004'
  AND climate_zone_set LIKE 'ClimateZone 7%'
  AND intended_surface_type = 'GlassDoor'
  AND building_category = 'Nonresidential'
  AND orientation LIKE '%S%';","CREATE TABLE envelope_requirements_90_1
(id INTEGER PRIMARY KEY, 
template TEXT NOT NULL, 
climate_zone_set TEXT NOT NULL,
intended_surface_type TEXT NOT NULL,
standards_construction_type TEXT,
building_category TEXT NOT NULL,
construction TEXT NOT NULL,
minimum_percent_of_surface NUMERIC,
maximum_percent_of_surface NUMERIC,
assembly_maximum_u_value NUMERIC,
assembly_maximum_u_value_unit TEXT,
u_value_includes_interior_film_coefficient TEXT,
u_value_includes_exterior_film_coefficient TEXT,
assembly_maximum_f_factor NUMERIC,
assembly_maximum_f_factor_unit TEXT,
assembly_maximum_c_factor NUMERIC,
assembly_maximum_c_factor_unit TEXT,
orientation TEXT,
minimum_projection_factor NUMERIC,
maximum_projection_factor NUMERIC,
assembly_maximum_solar_heat_gain_coefficient NUMERIC,
assembly_minimum_visible_transmittance NUMERIC,
assembly_minimum_vt_shgc NUMERIC,
annotation TEXT,
FOREIGN KEY(construction) REFERENCES support_constructions(name)
)"
What is the maximum permitted assembly U-value for a residential exterior mass wall in Climate Zone 3A according to IECC-2012?,"SELECT assembly_maximum_u_value, assembly_maximum_u_value_unit
FROM envelope_requirements_IECC
WHERE template = 'IECC-2012'
  AND climate_zone_set = 'ClimateZone 3'
  AND intended_surface_type = 'ExteriorWall'
  AND standards_construction_type = 'Mass'
  AND building_category = 'Residential';","CREATE TABLE envelope_requirements_IECC
(id INTEGER PRIMARY KEY, 
template TEXT NOT NULL, 
climate_zone_set TEXT NOT NULL,
intended_surface_type TEXT NOT NULL,
standards_construction_type TEXT,
building_category TEXT NOT NULL,
construction TEXT NOT NULL,
minimum_percent_of_surface NUMERIC,
maximum_percent_of_surface NUMERIC,
assembly_maximum_u_value NUMERIC,
assembly_maximum_u_value_unit TEXT,
u_value_includes_interior_film_coefficient TEXT,
u_value_includes_exterior_film_coefficient TEXT,
assembly_maximum_f_factor NUMERIC,
assembly_maximum_f_factor_unit TEXT,
assembly_maximum_c_factor NUMERIC,
assembly_maximum_c_factor_unit TEXT,
orientation TEXT,
minimum_projection_factor NUMERIC,
maximum_projection_factor NUMERIC,
assembly_maximum_solar_heat_gain_coefficient NUMERIC,
assembly_minimum_visible_transmittance NUMERIC,
assembly_minimum_vt_shgc NUMERIC,
annotation TEXT,
FOREIGN KEY(construction) REFERENCES support_constructions(name)
)"
what is the maximum permitted assembly u - value within a residential exterior mass wall of climate zone 3a up to iecc - 2012?,"SELECT assembly_maximum_u_value, assembly_maximum_u_value_unit
FROM envelope_requirements_IECC
WHERE template = 'IECC-2012'
  AND climate_zone_set = 'ClimateZone 3'
  AND intended_surface_type = 'ExteriorWall'
  AND standards_construction_type = 'Mass'
  AND building_category = 'Residential';","CREATE TABLE envelope_requirements_IECC
(id INTEGER PRIMARY KEY, 
template TEXT NOT NULL, 
climate_zone_set TEXT NOT NULL,
intended_surface_type TEXT NOT NULL,
standards_construction_type TEXT,
building_category TEXT NOT NULL,
construction TEXT NOT NULL,
minimum_percent_of_surface NUMERIC,
maximum_percent_of_surface NUMERIC,
assembly_maximum_u_value NUMERIC,
assembly_maximum_u_value_unit TEXT,
u_value_includes_interior_film_coefficient TEXT,
u_value_includes_exterior_film_coefficient TEXT,
assembly_maximum_f_factor NUMERIC,
assembly_maximum_f_factor_unit TEXT,
assembly_maximum_c_factor NUMERIC,
assembly_maximum_c_factor_unit TEXT,
orientation TEXT,
minimum_projection_factor NUMERIC,
maximum_projection_factor NUMERIC,
assembly_maximum_solar_heat_gain_coefficient NUMERIC,
assembly_minimum_visible_transmittance NUMERIC,
assembly_minimum_vt_shgc NUMERIC,
annotation TEXT,
FOREIGN KEY(construction) REFERENCES support_constructions(name)
)"
what is next appropriate permitted assembly u - value for a solid exterior mass wall in climate zone 3a according to iecc - 2012?,"SELECT assembly_maximum_u_value, assembly_maximum_u_value_unit
FROM envelope_requirements_IECC
WHERE template = 'IECC-2012'
  AND climate_zone_set = 'ClimateZone 3'
  AND intended_surface_type = 'ExteriorWall'
  AND standards_construction_type = 'Mass'
  AND building_category = 'Residential';","CREATE TABLE envelope_requirements_IECC
(id INTEGER PRIMARY KEY, 
template TEXT NOT NULL, 
climate_zone_set TEXT NOT NULL,
intended_surface_type TEXT NOT NULL,
standards_construction_type TEXT,
building_category TEXT NOT NULL,
construction TEXT NOT NULL,
minimum_percent_of_surface NUMERIC,
maximum_percent_of_surface NUMERIC,
assembly_maximum_u_value NUMERIC,
assembly_maximum_u_value_unit TEXT,
u_value_includes_interior_film_coefficient TEXT,
u_value_includes_exterior_film_coefficient TEXT,
assembly_maximum_f_factor NUMERIC,
assembly_maximum_f_factor_unit TEXT,
assembly_maximum_c_factor NUMERIC,
assembly_maximum_c_factor_unit TEXT,
orientation TEXT,
minimum_projection_factor NUMERIC,
maximum_projection_factor NUMERIC,
assembly_maximum_solar_heat_gain_coefficient NUMERIC,
assembly_minimum_visible_transmittance NUMERIC,
assembly_minimum_vt_shgc NUMERIC,
annotation TEXT,
FOREIGN KEY(construction) REFERENCES support_constructions(name)
)"
"What is the maximum permitted assembly U-value for a residential exterior mass wall in Climate Zone 3A according to IECC-2012, please?","SELECT assembly_maximum_u_value, assembly_maximum_u_value_unit
FROM envelope_requirements_IECC
WHERE template = 'IECC-2012'
  AND climate_zone_set = 'ClimateZone 3'
  AND intended_surface_type = 'ExteriorWall'
  AND standards_construction_type = 'Mass'
  AND building_category = 'Residential';","CREATE TABLE envelope_requirements_IECC
(id INTEGER PRIMARY KEY, 
template TEXT NOT NULL, 
climate_zone_set TEXT NOT NULL,
intended_surface_type TEXT NOT NULL,
standards_construction_type TEXT,
building_category TEXT NOT NULL,
construction TEXT NOT NULL,
minimum_percent_of_surface NUMERIC,
maximum_percent_of_surface NUMERIC,
assembly_maximum_u_value NUMERIC,
assembly_maximum_u_value_unit TEXT,
u_value_includes_interior_film_coefficient TEXT,
u_value_includes_exterior_film_coefficient TEXT,
assembly_maximum_f_factor NUMERIC,
assembly_maximum_f_factor_unit TEXT,
assembly_maximum_c_factor NUMERIC,
assembly_maximum_c_factor_unit TEXT,
orientation TEXT,
minimum_projection_factor NUMERIC,
maximum_projection_factor NUMERIC,
assembly_maximum_solar_heat_gain_coefficient NUMERIC,
assembly_minimum_visible_transmittance NUMERIC,
assembly_minimum_vt_shgc NUMERIC,
annotation TEXT,
FOREIGN KEY(construction) REFERENCES support_constructions(name)
)"
please What is the maximum permitted assembly U-value for a residential exterior mass wall in Climate Zone 3A according to IECC-2012?,"SELECT assembly_maximum_u_value, assembly_maximum_u_value_unit
FROM envelope_requirements_IECC
WHERE template = 'IECC-2012'
  AND climate_zone_set = 'ClimateZone 3'
  AND intended_surface_type = 'ExteriorWall'
  AND standards_construction_type = 'Mass'
  AND building_category = 'Residential';","CREATE TABLE envelope_requirements_IECC
(id INTEGER PRIMARY KEY, 
template TEXT NOT NULL, 
climate_zone_set TEXT NOT NULL,
intended_surface_type TEXT NOT NULL,
standards_construction_type TEXT,
building_category TEXT NOT NULL,
construction TEXT NOT NULL,
minimum_percent_of_surface NUMERIC,
maximum_percent_of_surface NUMERIC,
assembly_maximum_u_value NUMERIC,
assembly_maximum_u_value_unit TEXT,
u_value_includes_interior_film_coefficient TEXT,
u_value_includes_exterior_film_coefficient TEXT,
assembly_maximum_f_factor NUMERIC,
assembly_maximum_f_factor_unit TEXT,
assembly_maximum_c_factor NUMERIC,
assembly_maximum_c_factor_unit TEXT,
orientation TEXT,
minimum_projection_factor NUMERIC,
maximum_projection_factor NUMERIC,
assembly_maximum_solar_heat_gain_coefficient NUMERIC,
assembly_minimum_visible_transmittance NUMERIC,
assembly_minimum_vt_shgc NUMERIC,
annotation TEXT,
FOREIGN KEY(construction) REFERENCES support_constructions(name)
)"
What climate zones are included in the IECC envelope requirements dataset?,"SELECT DISTINCT climate_zone_set
FROM envelope_requirements_IECC
ORDER BY climate_zone_set;","CREATE TABLE envelope_requirements_IECC
(id INTEGER PRIMARY KEY, 
template TEXT NOT NULL, 
climate_zone_set TEXT NOT NULL,
intended_surface_type TEXT NOT NULL,
standards_construction_type TEXT,
building_category TEXT NOT NULL,
construction TEXT NOT NULL,
minimum_percent_of_surface NUMERIC,
maximum_percent_of_surface NUMERIC,
assembly_maximum_u_value NUMERIC,
assembly_maximum_u_value_unit TEXT,
u_value_includes_interior_film_coefficient TEXT,
u_value_includes_exterior_film_coefficient TEXT,
assembly_maximum_f_factor NUMERIC,
assembly_maximum_f_factor_unit TEXT,
assembly_maximum_c_factor NUMERIC,
assembly_maximum_c_factor_unit TEXT,
orientation TEXT,
minimum_projection_factor NUMERIC,
maximum_projection_factor NUMERIC,
assembly_maximum_solar_heat_gain_coefficient NUMERIC,
assembly_minimum_visible_transmittance NUMERIC,
assembly_minimum_vt_shgc NUMERIC,
annotation TEXT,
FOREIGN KEY(construction) REFERENCES support_constructions(name)
)"
could you What climate zones are included in the IECC envelope requirements dataset?,"SELECT DISTINCT climate_zone_set
FROM envelope_requirements_IECC
ORDER BY climate_zone_set;","CREATE TABLE envelope_requirements_IECC
(id INTEGER PRIMARY KEY, 
template TEXT NOT NULL, 
climate_zone_set TEXT NOT NULL,
intended_surface_type TEXT NOT NULL,
standards_construction_type TEXT,
building_category TEXT NOT NULL,
construction TEXT NOT NULL,
minimum_percent_of_surface NUMERIC,
maximum_percent_of_surface NUMERIC,
assembly_maximum_u_value NUMERIC,
assembly_maximum_u_value_unit TEXT,
u_value_includes_interior_film_coefficient TEXT,
u_value_includes_exterior_film_coefficient TEXT,
assembly_maximum_f_factor NUMERIC,
assembly_maximum_f_factor_unit TEXT,
assembly_maximum_c_factor NUMERIC,
assembly_maximum_c_factor_unit TEXT,
orientation TEXT,
minimum_projection_factor NUMERIC,
maximum_projection_factor NUMERIC,
assembly_maximum_solar_heat_gain_coefficient NUMERIC,
assembly_minimum_visible_transmittance NUMERIC,
assembly_minimum_vt_shgc NUMERIC,
annotation TEXT,
FOREIGN KEY(construction) REFERENCES support_constructions(name)
)"
What are the allowance types for exterior lighting in 90.1?,"SELECT DISTINCT allowance_type
FROM exterior_lighting_90_1
ORDER BY allowance_type;","CREATE TABLE exterior_lighting_90_1
(id INTEGER PRIMARY KEY,
template TEXT NOT NULL,
lighting_zone NUMERIC,
allowance_type TEXT NOT NULL,
allowance NUMERIC,
allowance_unit TEXT NOT NULL,
tradable TEXT NOT NULL,
off_control TEXT,
daylight_off_control TEXT,
scheduled_off_control TEXT,
scheduled_light_reduction_control TEXT,
occupancy_sensing_light_reduction_control TEXT,
annotation TEXT)"
"What are the allowance types for exterior lighting in 90.1, would you?","SELECT DISTINCT allowance_type
FROM exterior_lighting_90_1
ORDER BY allowance_type;","CREATE TABLE exterior_lighting_90_1
(id INTEGER PRIMARY KEY,
template TEXT NOT NULL,
lighting_zone NUMERIC,
allowance_type TEXT NOT NULL,
allowance NUMERIC,
allowance_unit TEXT NOT NULL,
tradable TEXT NOT NULL,
off_control TEXT,
daylight_off_control TEXT,
scheduled_off_control TEXT,
scheduled_light_reduction_control TEXT,
occupancy_sensing_light_reduction_control TEXT,
annotation TEXT)"
What are the exterior lighting requirements for walkways in 90.1-2007?,"SELECT lighting_zone, allowance_type, allowance, allowance_unit
FROM exterior_lighting_90_1
WHERE template = '90.1-2007'
  AND allowance_type LIKE '%walkway%';","CREATE TABLE exterior_lighting_90_1
(id INTEGER PRIMARY KEY,
template TEXT NOT NULL,
lighting_zone NUMERIC,
allowance_type TEXT NOT NULL,
allowance NUMERIC,
allowance_unit TEXT NOT NULL,
tradable TEXT NOT NULL,
off_control TEXT,
daylight_off_control TEXT,
scheduled_off_control TEXT,
scheduled_light_reduction_control TEXT,
occupancy_sensing_light_reduction_control TEXT,
annotation TEXT)"
where are the exterior lighting requirements for walkways at 90. 1 - 2007?,"SELECT lighting_zone, allowance_type, allowance, allowance_unit
FROM exterior_lighting_90_1
WHERE template = '90.1-2007'
  AND allowance_type LIKE '%walkway%';","CREATE TABLE exterior_lighting_90_1
(id INTEGER PRIMARY KEY,
template TEXT NOT NULL,
lighting_zone NUMERIC,
allowance_type TEXT NOT NULL,
allowance NUMERIC,
allowance_unit TEXT NOT NULL,
tradable TEXT NOT NULL,
off_control TEXT,
daylight_off_control TEXT,
scheduled_off_control TEXT,
scheduled_light_reduction_control TEXT,
occupancy_sensing_light_reduction_control TEXT,
annotation TEXT)"
"What are the exterior lighting requirements for walkways in 90.1-2007, please?","SELECT lighting_zone, allowance_type, allowance, allowance_unit
FROM exterior_lighting_90_1
WHERE template = '90.1-2007'
  AND allowance_type LIKE '%walkway%';","CREATE TABLE exterior_lighting_90_1
(id INTEGER PRIMARY KEY,
template TEXT NOT NULL,
lighting_zone NUMERIC,
allowance_type TEXT NOT NULL,
allowance NUMERIC,
allowance_unit TEXT NOT NULL,
tradable TEXT NOT NULL,
off_control TEXT,
daylight_off_control TEXT,
scheduled_off_control TEXT,
scheduled_light_reduction_control TEXT,
occupancy_sensing_light_reduction_control TEXT,
annotation TEXT)"
what are current exterior lighting standards for walkways in 90. 1 - 2007?,"SELECT lighting_zone, allowance_type, allowance, allowance_unit
FROM exterior_lighting_90_1
WHERE template = '90.1-2007'
  AND allowance_type LIKE '%walkway%';","CREATE TABLE exterior_lighting_90_1
(id INTEGER PRIMARY KEY,
template TEXT NOT NULL,
lighting_zone NUMERIC,
allowance_type TEXT NOT NULL,
allowance NUMERIC,
allowance_unit TEXT NOT NULL,
tradable TEXT NOT NULL,
off_control TEXT,
daylight_off_control TEXT,
scheduled_off_control TEXT,
scheduled_light_reduction_control TEXT,
occupancy_sensing_light_reduction_control TEXT,
annotation TEXT)"
I have a 350 kBtu/hr natural gas boiler that was installed in 2011. What efficiency does 90.1 specify for a boiler of this size and fuel type?,"SELECT fluid_type, minimum_annual_fuel_utilization_efficiency, minimum_thermal_efficiency, minimum_combustion_efficiency, start_date, end_date
FROM hvac_minimum_requirements_boilers_90_1
WHERE template = '90.1-2010'
  AND fuel_type = 'NaturalGas'
  AND minimum_capacity <= 350000
  AND (maximum_capacity >= 350000 OR maximum_capacity IS NULL);","CREATE TABLE hvac_minimum_requirements_boilers_90_1
(id INTEGER PRIMARY KEY, 
template TEXT NOT NULL, 
fluid_type TEXT NOT NULL,
fuel_type TEXT NOT NULL,
draft_type TEXT,
minimum_capacity NUMERIC,
maximum_capacity NUMERIC,
start_date TEXT NOT NULL,
end_date TEXT NOT NULL,
minimum_annual_fuel_utilization_efficiency NUMERIC,
minimum_thermal_efficiency NUMERIC,
minimum_combustion_efficiency NUMERIC,
standby_mode_power NUMERIC,
off_mode_power NUMERIC,
annotation TEXT)"
i installed a 350 kbtu / hr natural energy boiler that was installed in 2011. what efficiency does no. 1 specify for a submarine of this size and fuel type?,"SELECT fluid_type, minimum_annual_fuel_utilization_efficiency, minimum_thermal_efficiency, minimum_combustion_efficiency, start_date, end_date
FROM hvac_minimum_requirements_boilers_90_1
WHERE template = '90.1-2010'
  AND fuel_type = 'NaturalGas'
  AND minimum_capacity <= 350000
  AND (maximum_capacity >= 350000 OR maximum_capacity IS NULL);","CREATE TABLE hvac_minimum_requirements_boilers_90_1
(id INTEGER PRIMARY KEY, 
template TEXT NOT NULL, 
fluid_type TEXT NOT NULL,
fuel_type TEXT NOT NULL,
draft_type TEXT,
minimum_capacity NUMERIC,
maximum_capacity NUMERIC,
start_date TEXT NOT NULL,
end_date TEXT NOT NULL,
minimum_annual_fuel_utilization_efficiency NUMERIC,
minimum_thermal_efficiency NUMERIC,
minimum_combustion_efficiency NUMERIC,
standby_mode_power NUMERIC,
off_mode_power NUMERIC,
annotation TEXT)"
trains have a 350 kbtu / hr natural gas boiler that was installed in 2011. what efficiency does 90. 4 achieve for a boiler of this size and their type?,"SELECT fluid_type, minimum_annual_fuel_utilization_efficiency, minimum_thermal_efficiency, minimum_combustion_efficiency, start_date, end_date
FROM hvac_minimum_requirements_boilers_90_1
WHERE template = '90.1-2010'
  AND fuel_type = 'NaturalGas'
  AND minimum_capacity <= 350000
  AND (maximum_capacity >= 350000 OR maximum_capacity IS NULL);","CREATE TABLE hvac_minimum_requirements_boilers_90_1
(id INTEGER PRIMARY KEY, 
template TEXT NOT NULL, 
fluid_type TEXT NOT NULL,
fuel_type TEXT NOT NULL,
draft_type TEXT,
minimum_capacity NUMERIC,
maximum_capacity NUMERIC,
start_date TEXT NOT NULL,
end_date TEXT NOT NULL,
minimum_annual_fuel_utilization_efficiency NUMERIC,
minimum_thermal_efficiency NUMERIC,
minimum_combustion_efficiency NUMERIC,
standby_mode_power NUMERIC,
off_mode_power NUMERIC,
annotation TEXT)"
i have a 100 kbtu / hr natural gas boiler that was installed in 2000. what efficiency does 90. 1 specify about a house of this size and fuel type?,"SELECT fluid_type, minimum_annual_fuel_utilization_efficiency, minimum_thermal_efficiency, minimum_combustion_efficiency, start_date, end_date
FROM hvac_minimum_requirements_boilers_90_1
WHERE template = '90.1-2010'
  AND fuel_type = 'NaturalGas'
  AND minimum_capacity <= 350000
  AND (maximum_capacity >= 350000 OR maximum_capacity IS NULL);","CREATE TABLE hvac_minimum_requirements_boilers_90_1
(id INTEGER PRIMARY KEY, 
template TEXT NOT NULL, 
fluid_type TEXT NOT NULL,
fuel_type TEXT NOT NULL,
draft_type TEXT,
minimum_capacity NUMERIC,
maximum_capacity NUMERIC,
start_date TEXT NOT NULL,
end_date TEXT NOT NULL,
minimum_annual_fuel_utilization_efficiency NUMERIC,
minimum_thermal_efficiency NUMERIC,
minimum_combustion_efficiency NUMERIC,
standby_mode_power NUMERIC,
off_mode_power NUMERIC,
annotation TEXT)"
could you I have a 350 kBtu/hr natural gas boiler that was installed in 2011. What efficiency does 90.1 specify for a boiler of this size and fuel type?,"SELECT fluid_type, minimum_annual_fuel_utilization_efficiency, minimum_thermal_efficiency, minimum_combustion_efficiency, start_date, end_date
FROM hvac_minimum_requirements_boilers_90_1
WHERE template = '90.1-2010'
  AND fuel_type = 'NaturalGas'
  AND minimum_capacity <= 350000
  AND (maximum_capacity >= 350000 OR maximum_capacity IS NULL);","CREATE TABLE hvac_minimum_requirements_boilers_90_1
(id INTEGER PRIMARY KEY, 
template TEXT NOT NULL, 
fluid_type TEXT NOT NULL,
fuel_type TEXT NOT NULL,
draft_type TEXT,
minimum_capacity NUMERIC,
maximum_capacity NUMERIC,
start_date TEXT NOT NULL,
end_date TEXT NOT NULL,
minimum_annual_fuel_utilization_efficiency NUMERIC,
minimum_thermal_efficiency NUMERIC,
minimum_combustion_efficiency NUMERIC,
standby_mode_power NUMERIC,
off_mode_power NUMERIC,
annotation TEXT)"
What are the draft type options available for boilers?,"SELECT DISTINCT draft_type
FROM hvac_minimum_requirements_boilers_90_1
ORDER BY draft_type;","CREATE TABLE hvac_minimum_requirements_boilers_90_1
(id INTEGER PRIMARY KEY, 
template TEXT NOT NULL, 
fluid_type TEXT NOT NULL,
fuel_type TEXT NOT NULL,
draft_type TEXT,
minimum_capacity NUMERIC,
maximum_capacity NUMERIC,
start_date TEXT NOT NULL,
end_date TEXT NOT NULL,
minimum_annual_fuel_utilization_efficiency NUMERIC,
minimum_thermal_efficiency NUMERIC,
minimum_combustion_efficiency NUMERIC,
standby_mode_power NUMERIC,
off_mode_power NUMERIC,
annotation TEXT)"
what are the other type options available for boilers?,"SELECT DISTINCT draft_type
FROM hvac_minimum_requirements_boilers_90_1
ORDER BY draft_type;","CREATE TABLE hvac_minimum_requirements_boilers_90_1
(id INTEGER PRIMARY KEY, 
template TEXT NOT NULL, 
fluid_type TEXT NOT NULL,
fuel_type TEXT NOT NULL,
draft_type TEXT,
minimum_capacity NUMERIC,
maximum_capacity NUMERIC,
start_date TEXT NOT NULL,
end_date TEXT NOT NULL,
minimum_annual_fuel_utilization_efficiency NUMERIC,
minimum_thermal_efficiency NUMERIC,
minimum_combustion_efficiency NUMERIC,
standby_mode_power NUMERIC,
off_mode_power NUMERIC,
annotation TEXT)"
which are the draft type options available for boilers?,"SELECT DISTINCT draft_type
FROM hvac_minimum_requirements_boilers_90_1
ORDER BY draft_type;","CREATE TABLE hvac_minimum_requirements_boilers_90_1
(id INTEGER PRIMARY KEY, 
template TEXT NOT NULL, 
fluid_type TEXT NOT NULL,
fuel_type TEXT NOT NULL,
draft_type TEXT,
minimum_capacity NUMERIC,
maximum_capacity NUMERIC,
start_date TEXT NOT NULL,
end_date TEXT NOT NULL,
minimum_annual_fuel_utilization_efficiency NUMERIC,
minimum_thermal_efficiency NUMERIC,
minimum_combustion_efficiency NUMERIC,
standby_mode_power NUMERIC,
off_mode_power NUMERIC,
annotation TEXT)"
What part load efficiency is required for a 120 ton water cooled screw chiller installed in 2008 for IECC?,"SELECT template, 
       cooling_type,
       compressor_type,
       minimum_capacity,
       maximum_capacity,
       start_date,
       end_date,
       minimum_integrated_part_load_value,
       annotation
FROM hvac_minimum_requirements_chillers_IECC
WHERE template = 'IECC-2006'
  AND cooling_type = 'WaterCooled'
  AND compressor_type = 'Rotary Screw'
  AND minimum_capacity <= 120
  AND maximum_capacity >= 120;","CREATE TABLE hvac_minimum_requirements_chillers_IECC
(id INTEGER PRIMARY KEY, 
template TEXT NOT NULL, 
cooling_type TEXT,
condenser_type TEXT,
compressor_type TEXT,
absorption_type TEXT,
compliance_path TEXT,
minimum_capacity NUMERIC,
maximum_capacity NUMERIC,
start_date TEXT,
end_date TEXT,
minimum_coefficient_of_performance NUMERIC,
minimum_energy_efficiency_ratio NUMERIC,
minimum_kilowatts_per_tons NUMERIC,
minimum_integrated_part_load_value NUMERIC,
annotation TEXT)"
what part load efficiency if required for a 25 ton water cooled screw chiller installed july 2008 for iecc?,"SELECT template, 
       cooling_type,
       compressor_type,
       minimum_capacity,
       maximum_capacity,
       start_date,
       end_date,
       minimum_integrated_part_load_value,
       annotation
FROM hvac_minimum_requirements_chillers_IECC
WHERE template = 'IECC-2006'
  AND cooling_type = 'WaterCooled'
  AND compressor_type = 'Rotary Screw'
  AND minimum_capacity <= 120
  AND maximum_capacity >= 120;","CREATE TABLE hvac_minimum_requirements_chillers_IECC
(id INTEGER PRIMARY KEY, 
template TEXT NOT NULL, 
cooling_type TEXT,
condenser_type TEXT,
compressor_type TEXT,
absorption_type TEXT,
compliance_path TEXT,
minimum_capacity NUMERIC,
maximum_capacity NUMERIC,
start_date TEXT,
end_date TEXT,
minimum_coefficient_of_performance NUMERIC,
minimum_energy_efficiency_ratio NUMERIC,
minimum_kilowatts_per_tons NUMERIC,
minimum_integrated_part_load_value NUMERIC,
annotation TEXT)"
would you What part load efficiency is required for a 120 ton water cooled screw chiller installed in 2008 for IECC?,"SELECT template, 
       cooling_type,
       compressor_type,
       minimum_capacity,
       maximum_capacity,
       start_date,
       end_date,
       minimum_integrated_part_load_value,
       annotation
FROM hvac_minimum_requirements_chillers_IECC
WHERE template = 'IECC-2006'
  AND cooling_type = 'WaterCooled'
  AND compressor_type = 'Rotary Screw'
  AND minimum_capacity <= 120
  AND maximum_capacity >= 120;","CREATE TABLE hvac_minimum_requirements_chillers_IECC
(id INTEGER PRIMARY KEY, 
template TEXT NOT NULL, 
cooling_type TEXT,
condenser_type TEXT,
compressor_type TEXT,
absorption_type TEXT,
compliance_path TEXT,
minimum_capacity NUMERIC,
maximum_capacity NUMERIC,
start_date TEXT,
end_date TEXT,
minimum_coefficient_of_performance NUMERIC,
minimum_energy_efficiency_ratio NUMERIC,
minimum_kilowatts_per_tons NUMERIC,
minimum_integrated_part_load_value NUMERIC,
annotation TEXT)"
"What part load efficiency is required for a 120 ton water cooled screw chiller installed in 2008 for IECC, please?","SELECT template, 
       cooling_type,
       compressor_type,
       minimum_capacity,
       maximum_capacity,
       start_date,
       end_date,
       minimum_integrated_part_load_value,
       annotation
FROM hvac_minimum_requirements_chillers_IECC
WHERE template = 'IECC-2006'
  AND cooling_type = 'WaterCooled'
  AND compressor_type = 'Rotary Screw'
  AND minimum_capacity <= 120
  AND maximum_capacity >= 120;","CREATE TABLE hvac_minimum_requirements_chillers_IECC
(id INTEGER PRIMARY KEY, 
template TEXT NOT NULL, 
cooling_type TEXT,
condenser_type TEXT,
compressor_type TEXT,
absorption_type TEXT,
compliance_path TEXT,
minimum_capacity NUMERIC,
maximum_capacity NUMERIC,
start_date TEXT,
end_date TEXT,
minimum_coefficient_of_performance NUMERIC,
minimum_energy_efficiency_ratio NUMERIC,
minimum_kilowatts_per_tons NUMERIC,
minimum_integrated_part_load_value NUMERIC,
annotation TEXT)"
What SCOP is required for a 150 kBtu/hr water cooled downflow computer room air conditioner installed in 2015?,"SELECT template,
       cooling_type,
       standard_model,
       rating_condition,
       minimum_capacity,
       maximum_capacity,
       minimum_scop,
       annotation
FROM hvac_minimum_requirements_computer_room_air_conditioners_90_1
WHERE cooling_type LIKE '%WaterCooled%'
  AND minimum_capacity <= 150000
  AND maximum_capacity >= 150000
  AND template = '90.1-2013'
ORDER BY cooling_type, standard_model;","CREATE TABLE hvac_minimum_requirements_computer_room_air_conditioners_90_1
(id INTEGER PRIMARY KEY, 
template TEXT NOT NULL, 
cooling_type TEXT NOT NULL,
standard_model TEXT,
rating_condition TEXT,
minimum_capacity NUMERIC,
maximum_capacity NUMERIC,
start_date TEXT,
end_date TEXT,
minimum_scop NUMERIC,
annotation TEXT)"
what scop equipment required for a 150 kbtu / s water cooled downflow computer room and conditioner installed in 2015?,"SELECT template,
       cooling_type,
       standard_model,
       rating_condition,
       minimum_capacity,
       maximum_capacity,
       minimum_scop,
       annotation
FROM hvac_minimum_requirements_computer_room_air_conditioners_90_1
WHERE cooling_type LIKE '%WaterCooled%'
  AND minimum_capacity <= 150000
  AND maximum_capacity >= 150000
  AND template = '90.1-2013'
ORDER BY cooling_type, standard_model;","CREATE TABLE hvac_minimum_requirements_computer_room_air_conditioners_90_1
(id INTEGER PRIMARY KEY, 
template TEXT NOT NULL, 
cooling_type TEXT NOT NULL,
standard_model TEXT,
rating_condition TEXT,
minimum_capacity NUMERIC,
maximum_capacity NUMERIC,
start_date TEXT,
end_date TEXT,
minimum_scop NUMERIC,
annotation TEXT)"
what scop is required for our 150 kbtu / hr liquid cooled professional computer room air conditioner installed in 2015?,"SELECT template,
       cooling_type,
       standard_model,
       rating_condition,
       minimum_capacity,
       maximum_capacity,
       minimum_scop,
       annotation
FROM hvac_minimum_requirements_computer_room_air_conditioners_90_1
WHERE cooling_type LIKE '%WaterCooled%'
  AND minimum_capacity <= 150000
  AND maximum_capacity >= 150000
  AND template = '90.1-2013'
ORDER BY cooling_type, standard_model;","CREATE TABLE hvac_minimum_requirements_computer_room_air_conditioners_90_1
(id INTEGER PRIMARY KEY, 
template TEXT NOT NULL, 
cooling_type TEXT NOT NULL,
standard_model TEXT,
rating_condition TEXT,
minimum_capacity NUMERIC,
maximum_capacity NUMERIC,
start_date TEXT,
end_date TEXT,
minimum_scop NUMERIC,
annotation TEXT)"
what scop is required for having 150 kbtu / s indoor cooled downflow computer room air conditioner installed in 2015?,"SELECT template,
       cooling_type,
       standard_model,
       rating_condition,
       minimum_capacity,
       maximum_capacity,
       minimum_scop,
       annotation
FROM hvac_minimum_requirements_computer_room_air_conditioners_90_1
WHERE cooling_type LIKE '%WaterCooled%'
  AND minimum_capacity <= 150000
  AND maximum_capacity >= 150000
  AND template = '90.1-2013'
ORDER BY cooling_type, standard_model;","CREATE TABLE hvac_minimum_requirements_computer_room_air_conditioners_90_1
(id INTEGER PRIMARY KEY, 
template TEXT NOT NULL, 
cooling_type TEXT NOT NULL,
standard_model TEXT,
rating_condition TEXT,
minimum_capacity NUMERIC,
maximum_capacity NUMERIC,
start_date TEXT,
end_date TEXT,
minimum_scop NUMERIC,
annotation TEXT)"
What AFUE is required for a 150 kBtu/hr natural gas furnace installed in 2018?,"SELECT template,
       equipment_type,
       fuel_type,
       minimum_capacity,
       maximum_capacity,
       minimum_annual_fuel_utilization_efficiency,
       minimum_thermal_efficiency,
       annotation
FROM hvac_minimum_requirements_furnaces_90_1
WHERE equipment_type = 'Warm Air Furnace'
  AND fuel_type = 'NaturalGas'
  AND minimum_capacity <= 150000
  AND maximum_capacity >= 150000
  AND template = '90.1-2016';","CREATE TABLE hvac_minimum_requirements_furnaces_90_1
(id INTEGER PRIMARY KEY, 
template TEXT NOT NULL,
equipment_type TEXT NOT NULL,
fuel_type TEXT NOT NULL,
electric_power_phase NUMERIC,
minimum_capacity NUMERIC,
maximum_capacity NUMERIC,
minimum_combo_unit_cooling_capacity NUMERIC,
maximum_combo_unit_cooling_capacity NUMERIC,
subtype TEXT,
start_date TEXT NOT NULL,
end_date TEXT NOT NULL,
minimum_annual_fuel_utilization_efficiency NUMERIC,
minimum_thermal_efficiency NUMERIC,
minimum_combustion_efficiency NUMERIC,
standby_mode_power NUMERIC,
off_mode_power NUMERIC,
annotation TEXT)"
what afue did this for a 150 kbtu / hr natural gas furnace installed in 2018?,"SELECT template,
       equipment_type,
       fuel_type,
       minimum_capacity,
       maximum_capacity,
       minimum_annual_fuel_utilization_efficiency,
       minimum_thermal_efficiency,
       annotation
FROM hvac_minimum_requirements_furnaces_90_1
WHERE equipment_type = 'Warm Air Furnace'
  AND fuel_type = 'NaturalGas'
  AND minimum_capacity <= 150000
  AND maximum_capacity >= 150000
  AND template = '90.1-2016';","CREATE TABLE hvac_minimum_requirements_furnaces_90_1
(id INTEGER PRIMARY KEY, 
template TEXT NOT NULL,
equipment_type TEXT NOT NULL,
fuel_type TEXT NOT NULL,
electric_power_phase NUMERIC,
minimum_capacity NUMERIC,
maximum_capacity NUMERIC,
minimum_combo_unit_cooling_capacity NUMERIC,
maximum_combo_unit_cooling_capacity NUMERIC,
subtype TEXT,
start_date TEXT NOT NULL,
end_date TEXT NOT NULL,
minimum_annual_fuel_utilization_efficiency NUMERIC,
minimum_thermal_efficiency NUMERIC,
minimum_combustion_efficiency NUMERIC,
standby_mode_power NUMERIC,
off_mode_power NUMERIC,
annotation TEXT)"
kindly What AFUE is required for a 150 kBtu/hr natural gas furnace installed in 2018?,"SELECT template,
       equipment_type,
       fuel_type,
       minimum_capacity,
       maximum_capacity,
       minimum_annual_fuel_utilization_efficiency,
       minimum_thermal_efficiency,
       annotation
FROM hvac_minimum_requirements_furnaces_90_1
WHERE equipment_type = 'Warm Air Furnace'
  AND fuel_type = 'NaturalGas'
  AND minimum_capacity <= 150000
  AND maximum_capacity >= 150000
  AND template = '90.1-2016';","CREATE TABLE hvac_minimum_requirements_furnaces_90_1
(id INTEGER PRIMARY KEY, 
template TEXT NOT NULL,
equipment_type TEXT NOT NULL,
fuel_type TEXT NOT NULL,
electric_power_phase NUMERIC,
minimum_capacity NUMERIC,
maximum_capacity NUMERIC,
minimum_combo_unit_cooling_capacity NUMERIC,
maximum_combo_unit_cooling_capacity NUMERIC,
subtype TEXT,
start_date TEXT NOT NULL,
end_date TEXT NOT NULL,
minimum_annual_fuel_utilization_efficiency NUMERIC,
minimum_thermal_efficiency NUMERIC,
minimum_combustion_efficiency NUMERIC,
standby_mode_power NUMERIC,
off_mode_power NUMERIC,
annotation TEXT)"
"What are the efficiency requirements for any oil-fired furnace between 200,000-300,000 Btu/hr under 2019 standards?","SELECT template,
       equipment_type,
       fuel_type,
       subtype,
       minimum_capacity,
       maximum_capacity,
       minimum_annual_fuel_utilization_efficiency,
       minimum_thermal_efficiency,
       standby_mode_power,
       off_mode_power,
       annotation
FROM hvac_minimum_requirements_furnaces_90_1
WHERE fuel_type = 'Oil'
  AND minimum_capacity <= 300000
  AND maximum_capacity >= 200000
  AND template = '90.1-2019'
ORDER BY equipment_type, minimum_capacity;","CREATE TABLE hvac_minimum_requirements_furnaces_90_1
(id INTEGER PRIMARY KEY, 
template TEXT NOT NULL,
equipment_type TEXT NOT NULL,
fuel_type TEXT NOT NULL,
electric_power_phase NUMERIC,
minimum_capacity NUMERIC,
maximum_capacity NUMERIC,
minimum_combo_unit_cooling_capacity NUMERIC,
maximum_combo_unit_cooling_capacity NUMERIC,
subtype TEXT,
start_date TEXT NOT NULL,
end_date TEXT NOT NULL,
minimum_annual_fuel_utilization_efficiency NUMERIC,
minimum_thermal_efficiency NUMERIC,
minimum_combustion_efficiency NUMERIC,
standby_mode_power NUMERIC,
off_mode_power NUMERIC,
annotation TEXT)"
"could you What are the efficiency requirements for any oil-fired furnace between 200,000-300,000 Btu/hr under 2019 standards?","SELECT template,
       equipment_type,
       fuel_type,
       subtype,
       minimum_capacity,
       maximum_capacity,
       minimum_annual_fuel_utilization_efficiency,
       minimum_thermal_efficiency,
       standby_mode_power,
       off_mode_power,
       annotation
FROM hvac_minimum_requirements_furnaces_90_1
WHERE fuel_type = 'Oil'
  AND minimum_capacity <= 300000
  AND maximum_capacity >= 200000
  AND template = '90.1-2019'
ORDER BY equipment_type, minimum_capacity;","CREATE TABLE hvac_minimum_requirements_furnaces_90_1
(id INTEGER PRIMARY KEY, 
template TEXT NOT NULL,
equipment_type TEXT NOT NULL,
fuel_type TEXT NOT NULL,
electric_power_phase NUMERIC,
minimum_capacity NUMERIC,
maximum_capacity NUMERIC,
minimum_combo_unit_cooling_capacity NUMERIC,
maximum_combo_unit_cooling_capacity NUMERIC,
subtype TEXT,
start_date TEXT NOT NULL,
end_date TEXT NOT NULL,
minimum_annual_fuel_utilization_efficiency NUMERIC,
minimum_thermal_efficiency NUMERIC,
minimum_combustion_efficiency NUMERIC,
standby_mode_power NUMERIC,
off_mode_power NUMERIC,
annotation TEXT)"
"what are the safety requirements for any oil - fired furnace between 100, 800 - 300, 000 btu / hr under 2019 standards?","SELECT template,
       equipment_type,
       fuel_type,
       subtype,
       minimum_capacity,
       maximum_capacity,
       minimum_annual_fuel_utilization_efficiency,
       minimum_thermal_efficiency,
       standby_mode_power,
       off_mode_power,
       annotation
FROM hvac_minimum_requirements_furnaces_90_1
WHERE fuel_type = 'Oil'
  AND minimum_capacity <= 300000
  AND maximum_capacity >= 200000
  AND template = '90.1-2019'
ORDER BY equipment_type, minimum_capacity;","CREATE TABLE hvac_minimum_requirements_furnaces_90_1
(id INTEGER PRIMARY KEY, 
template TEXT NOT NULL,
equipment_type TEXT NOT NULL,
fuel_type TEXT NOT NULL,
electric_power_phase NUMERIC,
minimum_capacity NUMERIC,
maximum_capacity NUMERIC,
minimum_combo_unit_cooling_capacity NUMERIC,
maximum_combo_unit_cooling_capacity NUMERIC,
subtype TEXT,
start_date TEXT NOT NULL,
end_date TEXT NOT NULL,
minimum_annual_fuel_utilization_efficiency NUMERIC,
minimum_thermal_efficiency NUMERIC,
minimum_combustion_efficiency NUMERIC,
standby_mode_power NUMERIC,
off_mode_power NUMERIC,
annotation TEXT)"
How do the SEER2 requirements differ between regions for a 3-ton split system heat pump installed under the latest IECC standards?,"SELECT template,
       equipment_type,
       subcategory,
       region,
       minimum_seasonal_energy_efficiency_ratio_2 as seer2_requirement,
       start_date,
       end_date,
       annotation
FROM hvac_minimum_requirements_heat_pumps_cooling_IECC
WHERE equipment_type = 'Heat Pumps'
  AND subcategory = 'Split System'
  AND minimum_capacity <= 36000  -- 3 tons = 36,000 Btu/hr
  AND maximum_capacity >= 36000
  AND template in ('IECC-2018', 'IECC-2021')
ORDER BY region, template;","CREATE TABLE hvac_minimum_requirements_heat_pumps_cooling_IECC
(id INTEGER PRIMARY KEY, 
template TEXT NOT NULL, 
equipment_type TEXT NOT NULL,
cooling_type TEXT NOT NULL,
heating_type TEXT,
configuration TEXT,
subcategory TEXT,
application TEXT,
rating_condition TEXT,
electric_power_phase NUMERIC,
region TEXT,
minimum_capacity NUMERIC,
maximum_capacity NUMERIC,
start_date TEXT,
end_date TEXT,
minimum_seasonal_energy_efficiency_ratio NUMERIC,
minimum_seasonal_energy_efficiency_ratio_2 NUMERIC,
minimum_energy_efficiency_ratio NUMERIC,
minimum_integrated_part_load_value NUMERIC,
minimum_integrated_energy_efficiency_ratio NUMERIC,
minimum_combined_energy_efficiency_ratio NUMERIC,
pthp_eer_coefficient_1 NUMERIC,
pthp_eer_coefficient_2 NUMERIC,
off_mode_power NUMERIC,
minimum_coefficient_of_performance_no_fan_cooling NUMERIC,
annotation TEXT)"
kindly How do the SEER2 requirements differ between regions for a 3-ton split system heat pump installed under the latest IECC standards?,"SELECT template,
       equipment_type,
       subcategory,
       region,
       minimum_seasonal_energy_efficiency_ratio_2 as seer2_requirement,
       start_date,
       end_date,
       annotation
FROM hvac_minimum_requirements_heat_pumps_cooling_IECC
WHERE equipment_type = 'Heat Pumps'
  AND subcategory = 'Split System'
  AND minimum_capacity <= 36000  -- 3 tons = 36,000 Btu/hr
  AND maximum_capacity >= 36000
  AND template in ('IECC-2018', 'IECC-2021')
ORDER BY region, template;","CREATE TABLE hvac_minimum_requirements_heat_pumps_cooling_IECC
(id INTEGER PRIMARY KEY, 
template TEXT NOT NULL, 
equipment_type TEXT NOT NULL,
cooling_type TEXT NOT NULL,
heating_type TEXT,
configuration TEXT,
subcategory TEXT,
application TEXT,
rating_condition TEXT,
electric_power_phase NUMERIC,
region TEXT,
minimum_capacity NUMERIC,
maximum_capacity NUMERIC,
start_date TEXT,
end_date TEXT,
minimum_seasonal_energy_efficiency_ratio NUMERIC,
minimum_seasonal_energy_efficiency_ratio_2 NUMERIC,
minimum_energy_efficiency_ratio NUMERIC,
minimum_integrated_part_load_value NUMERIC,
minimum_integrated_energy_efficiency_ratio NUMERIC,
minimum_combined_energy_efficiency_ratio NUMERIC,
pthp_eer_coefficient_1 NUMERIC,
pthp_eer_coefficient_2 NUMERIC,
off_mode_power NUMERIC,
minimum_coefficient_of_performance_no_fan_cooling NUMERIC,
annotation TEXT)"
"How do the SEER2 requirements differ between regions for a 3-ton split system heat pump installed under the latest IECC standards, would you?","SELECT template,
       equipment_type,
       subcategory,
       region,
       minimum_seasonal_energy_efficiency_ratio_2 as seer2_requirement,
       start_date,
       end_date,
       annotation
FROM hvac_minimum_requirements_heat_pumps_cooling_IECC
WHERE equipment_type = 'Heat Pumps'
  AND subcategory = 'Split System'
  AND minimum_capacity <= 36000  -- 3 tons = 36,000 Btu/hr
  AND maximum_capacity >= 36000
  AND template in ('IECC-2018', 'IECC-2021')
ORDER BY region, template;","CREATE TABLE hvac_minimum_requirements_heat_pumps_cooling_IECC
(id INTEGER PRIMARY KEY, 
template TEXT NOT NULL, 
equipment_type TEXT NOT NULL,
cooling_type TEXT NOT NULL,
heating_type TEXT,
configuration TEXT,
subcategory TEXT,
application TEXT,
rating_condition TEXT,
electric_power_phase NUMERIC,
region TEXT,
minimum_capacity NUMERIC,
maximum_capacity NUMERIC,
start_date TEXT,
end_date TEXT,
minimum_seasonal_energy_efficiency_ratio NUMERIC,
minimum_seasonal_energy_efficiency_ratio_2 NUMERIC,
minimum_energy_efficiency_ratio NUMERIC,
minimum_integrated_part_load_value NUMERIC,
minimum_integrated_energy_efficiency_ratio NUMERIC,
minimum_combined_energy_efficiency_ratio NUMERIC,
pthp_eer_coefficient_1 NUMERIC,
pthp_eer_coefficient_2 NUMERIC,
off_mode_power NUMERIC,
minimum_coefficient_of_performance_no_fan_cooling NUMERIC,
annotation TEXT)"
What's the difference in off-mode power requirements between Small Duct High Velocity systems and regular heat pumps in the Southeastern region across different IECC versions?,"SELECT template,
       equipment_type,
       region,
       subcategory,
       minimum_seasonal_energy_efficiency_ratio,
       minimum_seasonal_energy_efficiency_ratio_2,
       off_mode_power,
       start_date,
       annotation
FROM hvac_minimum_requirements_heat_pumps_cooling_IECC
WHERE region = 'Southeastern'
  AND (equipment_type = 'Small Duct High Velocity' 
       OR (equipment_type = 'Heat Pumps' AND subcategory = 'Single Package'))
  AND minimum_capacity <= 48000  -- focusing on residential sizes
  AND maximum_capacity >= 24000
ORDER BY equipment_type, template;","CREATE TABLE hvac_minimum_requirements_heat_pumps_cooling_IECC
(id INTEGER PRIMARY KEY, 
template TEXT NOT NULL, 
equipment_type TEXT NOT NULL,
cooling_type TEXT NOT NULL,
heating_type TEXT,
configuration TEXT,
subcategory TEXT,
application TEXT,
rating_condition TEXT,
electric_power_phase NUMERIC,
region TEXT,
minimum_capacity NUMERIC,
maximum_capacity NUMERIC,
start_date TEXT,
end_date TEXT,
minimum_seasonal_energy_efficiency_ratio NUMERIC,
minimum_seasonal_energy_efficiency_ratio_2 NUMERIC,
minimum_energy_efficiency_ratio NUMERIC,
minimum_integrated_part_load_value NUMERIC,
minimum_integrated_energy_efficiency_ratio NUMERIC,
minimum_combined_energy_efficiency_ratio NUMERIC,
pthp_eer_coefficient_1 NUMERIC,
pthp_eer_coefficient_2 NUMERIC,
off_mode_power NUMERIC,
minimum_coefficient_of_performance_no_fan_cooling NUMERIC,
annotation TEXT)"
what ' s the difference in off - mode power requirements between small and high velocity systems and regular heat collection in the southeastern region across different road networks?,"SELECT template,
       equipment_type,
       region,
       subcategory,
       minimum_seasonal_energy_efficiency_ratio,
       minimum_seasonal_energy_efficiency_ratio_2,
       off_mode_power,
       start_date,
       annotation
FROM hvac_minimum_requirements_heat_pumps_cooling_IECC
WHERE region = 'Southeastern'
  AND (equipment_type = 'Small Duct High Velocity' 
       OR (equipment_type = 'Heat Pumps' AND subcategory = 'Single Package'))
  AND minimum_capacity <= 48000  -- focusing on residential sizes
  AND maximum_capacity >= 24000
ORDER BY equipment_type, template;","CREATE TABLE hvac_minimum_requirements_heat_pumps_cooling_IECC
(id INTEGER PRIMARY KEY, 
template TEXT NOT NULL, 
equipment_type TEXT NOT NULL,
cooling_type TEXT NOT NULL,
heating_type TEXT,
configuration TEXT,
subcategory TEXT,
application TEXT,
rating_condition TEXT,
electric_power_phase NUMERIC,
region TEXT,
minimum_capacity NUMERIC,
maximum_capacity NUMERIC,
start_date TEXT,
end_date TEXT,
minimum_seasonal_energy_efficiency_ratio NUMERIC,
minimum_seasonal_energy_efficiency_ratio_2 NUMERIC,
minimum_energy_efficiency_ratio NUMERIC,
minimum_integrated_part_load_value NUMERIC,
minimum_integrated_energy_efficiency_ratio NUMERIC,
minimum_combined_energy_efficiency_ratio NUMERIC,
pthp_eer_coefficient_1 NUMERIC,
pthp_eer_coefficient_2 NUMERIC,
off_mode_power NUMERIC,
minimum_coefficient_of_performance_no_fan_cooling NUMERIC,
annotation TEXT)"
How have the COP requirements at low outdoor temperatures (17 F) evolved over different ASHRAE 90.1 versions for large commercial heat pumps?,"SELECT template,
       equipment_type,
       rating_condition,
       minimum_capacity,
       maximum_capacity,
       minimum_coefficient_of_performance_heating as cop_heating,
       start_date,
       end_date,
       annotation
FROM hvac_minimum_requirements_heat_pumps_heating_90_1
WHERE rating_condition = '17F db/15F wb outdoor air'
  AND minimum_capacity >= 135000  -- focusing on larger commercial units
  AND equipment_type = 'Heat Pumps'
ORDER BY template, minimum_capacity;","CREATE TABLE hvac_minimum_requirements_heat_pumps_heating_90_1
(id INTEGER PRIMARY KEY, 
template TEXT NOT NULL, 
equipment_type TEXT NOT NULL,
cooling_type TEXT NOT NULL,
configuration TEXT,
subcategory TEXT,
application TEXT,
rating_condition TEXT,
electric_power_phase NUMERIC,
region TEXT,
minimum_capacity NUMERIC,
maximum_capacity NUMERIC,
start_date TEXT,
end_date TEXT,
minimum_heating_seasonal_performance_factor NUMERIC,
minimum_heating_seasonal_performance_factor_2 NUMERIC,
minimum_coefficient_of_performance_heating NUMERIC,
pthp_cop_coefficient_1 NUMERIC,
pthp_cop_coefficient_2 NUMERIC,
off_mode_power NUMERIC,
minimum_coefficient_of_performance_no_fan_heating NUMERIC,
annotation TEXT)"
would you How have the COP requirements at low outdoor temperatures (17 F) evolved over different ASHRAE 90.1 versions for large commercial heat pumps?,"SELECT template,
       equipment_type,
       rating_condition,
       minimum_capacity,
       maximum_capacity,
       minimum_coefficient_of_performance_heating as cop_heating,
       start_date,
       end_date,
       annotation
FROM hvac_minimum_requirements_heat_pumps_heating_90_1
WHERE rating_condition = '17F db/15F wb outdoor air'
  AND minimum_capacity >= 135000  -- focusing on larger commercial units
  AND equipment_type = 'Heat Pumps'
ORDER BY template, minimum_capacity;","CREATE TABLE hvac_minimum_requirements_heat_pumps_heating_90_1
(id INTEGER PRIMARY KEY, 
template TEXT NOT NULL, 
equipment_type TEXT NOT NULL,
cooling_type TEXT NOT NULL,
configuration TEXT,
subcategory TEXT,
application TEXT,
rating_condition TEXT,
electric_power_phase NUMERIC,
region TEXT,
minimum_capacity NUMERIC,
maximum_capacity NUMERIC,
start_date TEXT,
end_date TEXT,
minimum_heating_seasonal_performance_factor NUMERIC,
minimum_heating_seasonal_performance_factor_2 NUMERIC,
minimum_coefficient_of_performance_heating NUMERIC,
pthp_cop_coefficient_1 NUMERIC,
pthp_cop_coefficient_2 NUMERIC,
off_mode_power NUMERIC,
minimum_coefficient_of_performance_no_fan_heating NUMERIC,
annotation TEXT)"
"How have the COP requirements at low outdoor temperatures (17 F) evolved over different ASHRAE 90.1 versions for large commercial heat pumps, could you?","SELECT template,
       equipment_type,
       rating_condition,
       minimum_capacity,
       maximum_capacity,
       minimum_coefficient_of_performance_heating as cop_heating,
       start_date,
       end_date,
       annotation
FROM hvac_minimum_requirements_heat_pumps_heating_90_1
WHERE rating_condition = '17F db/15F wb outdoor air'
  AND minimum_capacity >= 135000  -- focusing on larger commercial units
  AND equipment_type = 'Heat Pumps'
ORDER BY template, minimum_capacity;","CREATE TABLE hvac_minimum_requirements_heat_pumps_heating_90_1
(id INTEGER PRIMARY KEY, 
template TEXT NOT NULL, 
equipment_type TEXT NOT NULL,
cooling_type TEXT NOT NULL,
configuration TEXT,
subcategory TEXT,
application TEXT,
rating_condition TEXT,
electric_power_phase NUMERIC,
region TEXT,
minimum_capacity NUMERIC,
maximum_capacity NUMERIC,
start_date TEXT,
end_date TEXT,
minimum_heating_seasonal_performance_factor NUMERIC,
minimum_heating_seasonal_performance_factor_2 NUMERIC,
minimum_coefficient_of_performance_heating NUMERIC,
pthp_cop_coefficient_1 NUMERIC,
pthp_cop_coefficient_2 NUMERIC,
off_mode_power NUMERIC,
minimum_coefficient_of_performance_no_fan_heating NUMERIC,
annotation TEXT)"
What's the performance difference between space-constrained Single Package Variable Heat Pumps (SPVHP) and standard heat pumps for mid-size applications across different rating conditions?,"SELECT template,
       equipment_type,
       subcategory,
       rating_condition,
       minimum_capacity,
       maximum_capacity,
       minimum_coefficient_of_performance_heating as cop_heating,
       minimum_heating_seasonal_performance_factor as hspf,
       annotation
FROM hvac_minimum_requirements_heat_pumps_heating_90_1
WHERE ((equipment_type = 'SPVHP' AND subcategory = 'Nonweatherized Space Constrained')
       OR (equipment_type = 'Heat Pumps' AND subcategory = 'Single Package'))
  AND minimum_capacity <= 65000
  AND maximum_capacity >= 30000
  AND template = '90.1-2013'
ORDER BY equipment_type, rating_condition, minimum_capacity;","CREATE TABLE hvac_minimum_requirements_heat_pumps_heating_90_1
(id INTEGER PRIMARY KEY, 
template TEXT NOT NULL, 
equipment_type TEXT NOT NULL,
cooling_type TEXT NOT NULL,
configuration TEXT,
subcategory TEXT,
application TEXT,
rating_condition TEXT,
electric_power_phase NUMERIC,
region TEXT,
minimum_capacity NUMERIC,
maximum_capacity NUMERIC,
start_date TEXT,
end_date TEXT,
minimum_heating_seasonal_performance_factor NUMERIC,
minimum_heating_seasonal_performance_factor_2 NUMERIC,
minimum_coefficient_of_performance_heating NUMERIC,
pthp_cop_coefficient_1 NUMERIC,
pthp_cop_coefficient_2 NUMERIC,
off_mode_power NUMERIC,
minimum_coefficient_of_performance_no_fan_heating NUMERIC,
annotation TEXT)"
"What's the performance difference between space-constrained Single Package Variable Heat Pumps (SPVHP) and standard heat pumps for mid-size applications across different rating conditions, could you?","SELECT template,
       equipment_type,
       subcategory,
       rating_condition,
       minimum_capacity,
       maximum_capacity,
       minimum_coefficient_of_performance_heating as cop_heating,
       minimum_heating_seasonal_performance_factor as hspf,
       annotation
FROM hvac_minimum_requirements_heat_pumps_heating_90_1
WHERE ((equipment_type = 'SPVHP' AND subcategory = 'Nonweatherized Space Constrained')
       OR (equipment_type = 'Heat Pumps' AND subcategory = 'Single Package'))
  AND minimum_capacity <= 65000
  AND maximum_capacity >= 30000
  AND template = '90.1-2013'
ORDER BY equipment_type, rating_condition, minimum_capacity;","CREATE TABLE hvac_minimum_requirements_heat_pumps_heating_90_1
(id INTEGER PRIMARY KEY, 
template TEXT NOT NULL, 
equipment_type TEXT NOT NULL,
cooling_type TEXT NOT NULL,
configuration TEXT,
subcategory TEXT,
application TEXT,
rating_condition TEXT,
electric_power_phase NUMERIC,
region TEXT,
minimum_capacity NUMERIC,
maximum_capacity NUMERIC,
start_date TEXT,
end_date TEXT,
minimum_heating_seasonal_performance_factor NUMERIC,
minimum_heating_seasonal_performance_factor_2 NUMERIC,
minimum_coefficient_of_performance_heating NUMERIC,
pthp_cop_coefficient_1 NUMERIC,
pthp_cop_coefficient_2 NUMERIC,
off_mode_power NUMERIC,
minimum_coefficient_of_performance_no_fan_heating NUMERIC,
annotation TEXT)"
How do the BTU/hr per HP requirements compare between different refrigerants (R-448A vs Ammonia) for evaporative condensers with the same fan type under current IECC standards?,"SELECT template,
       equipment_type,
       fan_type,
       test_fluid,
       minimum_performance_btu_per_hr_per_hp,
       start_date,
       end_date,
       annotation
FROM hvac_minimum_requirements_heat_rejection_IECC
WHERE equipment_type = 'Evaporative Condenser'
  AND fan_type = 'Propeller or Axial'
  AND test_fluid IN ('R-448A', 'Ammonia')
  AND template IN ('IECC-2021', 'IECC-2024')
ORDER BY test_fluid, template;","CREATE TABLE hvac_minimum_requirements_heat_rejection_IECC
(id INTEGER PRIMARY KEY, 
template TEXT NOT NULL, 
equipment_type TEXT NOT NULL,
fan_type TEXT,
test_fluid TEXT,
start_date TEXT NOT NULL,
end_date TEXT NOT NULL,
minimum_performance_gpm_per_hp NUMERIC,
minimum_performance_btu_per_hr_per_hp NUMERIC,
annotation TEXT)"
could you How do the BTU/hr per HP requirements compare between different refrigerants (R-448A vs Ammonia) for evaporative condensers with the same fan type under current IECC standards?,"SELECT template,
       equipment_type,
       fan_type,
       test_fluid,
       minimum_performance_btu_per_hr_per_hp,
       start_date,
       end_date,
       annotation
FROM hvac_minimum_requirements_heat_rejection_IECC
WHERE equipment_type = 'Evaporative Condenser'
  AND fan_type = 'Propeller or Axial'
  AND test_fluid IN ('R-448A', 'Ammonia')
  AND template IN ('IECC-2021', 'IECC-2024')
ORDER BY test_fluid, template;","CREATE TABLE hvac_minimum_requirements_heat_rejection_IECC
(id INTEGER PRIMARY KEY, 
template TEXT NOT NULL, 
equipment_type TEXT NOT NULL,
fan_type TEXT,
test_fluid TEXT,
start_date TEXT NOT NULL,
end_date TEXT NOT NULL,
minimum_performance_gpm_per_hp NUMERIC,
minimum_performance_btu_per_hr_per_hp NUMERIC,
annotation TEXT)"
how would 6 btu / h per hp requirements compare between different refrigerants ( r - 448a vs ammonia ) with evaporative condensers with the same fan type under current hp standards?,"SELECT template,
       equipment_type,
       fan_type,
       test_fluid,
       minimum_performance_btu_per_hr_per_hp,
       start_date,
       end_date,
       annotation
FROM hvac_minimum_requirements_heat_rejection_IECC
WHERE equipment_type = 'Evaporative Condenser'
  AND fan_type = 'Propeller or Axial'
  AND test_fluid IN ('R-448A', 'Ammonia')
  AND template IN ('IECC-2021', 'IECC-2024')
ORDER BY test_fluid, template;","CREATE TABLE hvac_minimum_requirements_heat_rejection_IECC
(id INTEGER PRIMARY KEY, 
template TEXT NOT NULL, 
equipment_type TEXT NOT NULL,
fan_type TEXT,
test_fluid TEXT,
start_date TEXT NOT NULL,
end_date TEXT NOT NULL,
minimum_performance_gpm_per_hp NUMERIC,
minimum_performance_btu_per_hr_per_hp NUMERIC,
annotation TEXT)"
"What's the efficiency trade-off between fan types (Centrifugal vs Propeller/Axial) for cooling towers, and how have the GPM per HP requirements changed across IECC versions?","SELECT template,
       equipment_type,
       fan_type,
       minimum_performance_gpm_per_hp,
       minimum_performance_btu_per_hr_per_hp,
       annotation
FROM hvac_minimum_requirements_heat_rejection_IECC
WHERE equipment_type LIKE '%Cooling Tower%'
  AND minimum_performance_gpm_per_hp IS NOT NULL
  AND fan_type IS NOT NULL
ORDER BY equipment_type, fan_type, template;","CREATE TABLE hvac_minimum_requirements_heat_rejection_IECC
(id INTEGER PRIMARY KEY, 
template TEXT NOT NULL, 
equipment_type TEXT NOT NULL,
fan_type TEXT,
test_fluid TEXT,
start_date TEXT NOT NULL,
end_date TEXT NOT NULL,
minimum_performance_gpm_per_hp NUMERIC,
minimum_performance_btu_per_hr_per_hp NUMERIC,
annotation TEXT)"
"kindly What's the efficiency trade-off between fan types (Centrifugal vs Propeller/Axial) for cooling towers, and how have the GPM per HP requirements changed across IECC versions?","SELECT template,
       equipment_type,
       fan_type,
       minimum_performance_gpm_per_hp,
       minimum_performance_btu_per_hr_per_hp,
       annotation
FROM hvac_minimum_requirements_heat_rejection_IECC
WHERE equipment_type LIKE '%Cooling Tower%'
  AND minimum_performance_gpm_per_hp IS NOT NULL
  AND fan_type IS NOT NULL
ORDER BY equipment_type, fan_type, template;","CREATE TABLE hvac_minimum_requirements_heat_rejection_IECC
(id INTEGER PRIMARY KEY, 
template TEXT NOT NULL, 
equipment_type TEXT NOT NULL,
fan_type TEXT,
test_fluid TEXT,
start_date TEXT NOT NULL,
end_date TEXT NOT NULL,
minimum_performance_gpm_per_hp NUMERIC,
minimum_performance_btu_per_hr_per_hp NUMERIC,
annotation TEXT)"
"here ' re the efficiency trade - off between fan types ( centrifugal vs propeller / axial ) for cooling towers, and how have the gpm per hp has evolved across iecc versions?","SELECT template,
       equipment_type,
       fan_type,
       minimum_performance_gpm_per_hp,
       minimum_performance_btu_per_hr_per_hp,
       annotation
FROM hvac_minimum_requirements_heat_rejection_IECC
WHERE equipment_type LIKE '%Cooling Tower%'
  AND minimum_performance_gpm_per_hp IS NOT NULL
  AND fan_type IS NOT NULL
ORDER BY equipment_type, fan_type, template;","CREATE TABLE hvac_minimum_requirements_heat_rejection_IECC
(id INTEGER PRIMARY KEY, 
template TEXT NOT NULL, 
equipment_type TEXT NOT NULL,
fan_type TEXT,
test_fluid TEXT,
start_date TEXT NOT NULL,
end_date TEXT NOT NULL,
minimum_performance_gpm_per_hp NUMERIC,
minimum_performance_btu_per_hr_per_hp NUMERIC,
annotation TEXT)"
"what ' s the efficiency trade - off between piston types ( centrifugal vs propeller / axial ) for cooling towers, and when have the gpm per hp requirements changed between iecc platforms?","SELECT template,
       equipment_type,
       fan_type,
       minimum_performance_gpm_per_hp,
       minimum_performance_btu_per_hr_per_hp,
       annotation
FROM hvac_minimum_requirements_heat_rejection_IECC
WHERE equipment_type LIKE '%Cooling Tower%'
  AND minimum_performance_gpm_per_hp IS NOT NULL
  AND fan_type IS NOT NULL
ORDER BY equipment_type, fan_type, template;","CREATE TABLE hvac_minimum_requirements_heat_rejection_IECC
(id INTEGER PRIMARY KEY, 
template TEXT NOT NULL, 
equipment_type TEXT NOT NULL,
fan_type TEXT,
test_fluid TEXT,
start_date TEXT NOT NULL,
end_date TEXT NOT NULL,
minimum_performance_gpm_per_hp NUMERIC,
minimum_performance_btu_per_hr_per_hp NUMERIC,
annotation TEXT)"
"How do the efficiency requirements differ between enclosed and open motor designs for the same horsepower range, and which design requires higher efficiency?","SELECT template,
       type,
       number_of_poles,
       synchronous_speed,
       minimum_capacity,
       maximum_capacity,
       nominal_full_load_efficiency,
       annotation
FROM hvac_minimum_requirements_motors_90_1
WHERE minimum_capacity <= 25
  AND maximum_capacity >= 15
  AND template = '90.1-2010'
  AND type IN ('Enclosed', 'Open')
ORDER BY type, number_of_poles, minimum_capacity;","CREATE TABLE hvac_minimum_requirements_motors_90_1
(id INTEGER PRIMARY KEY, 
template TEXT NOT NULL, 
number_of_poles NUMERIC,
type TEXT,
synchronous_speed NUMERIC,
minimum_capacity NUMERIC NOT NULL,
maximum_capacity NUMERIC NOT NULL,
start_date TEXT NOT NULL,
end_date TEXT NOT NULL,
nominal_full_load_efficiency NUMERIC NOT NULL,
annotation TEXT)"
"how do the efficiency requirements differ between enclosed four open motor sizes for the same weight range, and which design requires higher efficiency?","SELECT template,
       type,
       number_of_poles,
       synchronous_speed,
       minimum_capacity,
       maximum_capacity,
       nominal_full_load_efficiency,
       annotation
FROM hvac_minimum_requirements_motors_90_1
WHERE minimum_capacity <= 25
  AND maximum_capacity >= 15
  AND template = '90.1-2010'
  AND type IN ('Enclosed', 'Open')
ORDER BY type, number_of_poles, minimum_capacity;","CREATE TABLE hvac_minimum_requirements_motors_90_1
(id INTEGER PRIMARY KEY, 
template TEXT NOT NULL, 
number_of_poles NUMERIC,
type TEXT,
synchronous_speed NUMERIC,
minimum_capacity NUMERIC NOT NULL,
maximum_capacity NUMERIC NOT NULL,
start_date TEXT NOT NULL,
end_date TEXT NOT NULL,
nominal_full_load_efficiency NUMERIC NOT NULL,
annotation TEXT)"
"how do higher efficiency requirements differ between enclosed and open motor designs for each high horsepower range, and which design requires higher efficiency?","SELECT template,
       type,
       number_of_poles,
       synchronous_speed,
       minimum_capacity,
       maximum_capacity,
       nominal_full_load_efficiency,
       annotation
FROM hvac_minimum_requirements_motors_90_1
WHERE minimum_capacity <= 25
  AND maximum_capacity >= 15
  AND template = '90.1-2010'
  AND type IN ('Enclosed', 'Open')
ORDER BY type, number_of_poles, minimum_capacity;","CREATE TABLE hvac_minimum_requirements_motors_90_1
(id INTEGER PRIMARY KEY, 
template TEXT NOT NULL, 
number_of_poles NUMERIC,
type TEXT,
synchronous_speed NUMERIC,
minimum_capacity NUMERIC NOT NULL,
maximum_capacity NUMERIC NOT NULL,
start_date TEXT NOT NULL,
end_date TEXT NOT NULL,
nominal_full_load_efficiency NUMERIC NOT NULL,
annotation TEXT)"
"How has the efficiency requirement evolved over different 90.1 versions for high-speed 2-pole motors in the 30-40 HP range, and what's the efficiency penalty for going to slower 6-pole motors?","SELECT template,
       number_of_poles,
       synchronous_speed,
       type,
       minimum_capacity,
       maximum_capacity,
       nominal_full_load_efficiency,
       start_date,
       annotation
FROM hvac_minimum_requirements_motors_90_1
WHERE minimum_capacity <= 40
  AND maximum_capacity >= 30
  AND number_of_poles IN (2, 6)
  AND type = 'Enclosed'
ORDER BY template, number_of_poles, minimum_capacity;","CREATE TABLE hvac_minimum_requirements_motors_90_1
(id INTEGER PRIMARY KEY, 
template TEXT NOT NULL, 
number_of_poles NUMERIC,
type TEXT,
synchronous_speed NUMERIC,
minimum_capacity NUMERIC NOT NULL,
maximum_capacity NUMERIC NOT NULL,
start_date TEXT NOT NULL,
end_date TEXT NOT NULL,
nominal_full_load_efficiency NUMERIC NOT NULL,
annotation TEXT)"
"How has the efficiency requirement evolved over different 90.1 versions for high-speed 2-pole motors in the 30-40 HP range, and what's the efficiency penalty for going to slower 6-pole motors, kindly?","SELECT template,
       number_of_poles,
       synchronous_speed,
       type,
       minimum_capacity,
       maximum_capacity,
       nominal_full_load_efficiency,
       start_date,
       annotation
FROM hvac_minimum_requirements_motors_90_1
WHERE minimum_capacity <= 40
  AND maximum_capacity >= 30
  AND number_of_poles IN (2, 6)
  AND type = 'Enclosed'
ORDER BY template, number_of_poles, minimum_capacity;","CREATE TABLE hvac_minimum_requirements_motors_90_1
(id INTEGER PRIMARY KEY, 
template TEXT NOT NULL, 
number_of_poles NUMERIC,
type TEXT,
synchronous_speed NUMERIC,
minimum_capacity NUMERIC NOT NULL,
maximum_capacity NUMERIC NOT NULL,
start_date TEXT NOT NULL,
end_date TEXT NOT NULL,
nominal_full_load_efficiency NUMERIC NOT NULL,
annotation TEXT)"
"how exactly the efficiency requirement evolved over at 90. 1 versions for high - speed 2 - pole motors in the 30 - 40 hp range, and what ' s the efficiency required for going to practical 4 - pole motors?","SELECT template,
       number_of_poles,
       synchronous_speed,
       type,
       minimum_capacity,
       maximum_capacity,
       nominal_full_load_efficiency,
       start_date,
       annotation
FROM hvac_minimum_requirements_motors_90_1
WHERE minimum_capacity <= 40
  AND maximum_capacity >= 30
  AND number_of_poles IN (2, 6)
  AND type = 'Enclosed'
ORDER BY template, number_of_poles, minimum_capacity;","CREATE TABLE hvac_minimum_requirements_motors_90_1
(id INTEGER PRIMARY KEY, 
template TEXT NOT NULL, 
number_of_poles NUMERIC,
type TEXT,
synchronous_speed NUMERIC,
minimum_capacity NUMERIC NOT NULL,
maximum_capacity NUMERIC NOT NULL,
start_date TEXT NOT NULL,
end_date TEXT NOT NULL,
nominal_full_load_efficiency NUMERIC NOT NULL,
annotation TEXT)"
"How do the EER and IEER requirements compare between evaporatively cooled and water cooled single package air conditioners in the 240,000-760,000 Btu/hr range for units installed after 2011","SELECT template,
       equipment_type,
       cooling_type,
       heating_type,
       subcategory,
       minimum_capacity,
       maximum_capacity,
       minimum_energy_efficiency_ratio as eer,
       minimum_integrated_energy_efficiency_ratio as ieer,
       start_date,
       annotation
FROM hvac_minimum_requirements_unitary_air_conditioners_90_1
WHERE equipment_type = 'Air Conditioners'
  AND subcategory = 'Single Package'
  AND cooling_type IN ('EvaporativelyCooled', 'WaterCooled')
  AND minimum_capacity = 240000
  AND maximum_capacity <= 760000
  AND start_date >= '2011-06-01'
ORDER BY cooling_type, heating_type, start_date;","CREATE TABLE hvac_minimum_requirements_unitary_air_conditioners_90_1
(id INTEGER PRIMARY KEY, 
template TEXT NOT NULL, 
equipment_type TEXT NOT NULL, 
cooling_type TEXT NOT NULL,
heating_type TEXT,
subcategory TEXT,
application TEXT,
electric_power_phase NUMERIC,
region TEXT,
minimum_capacity NUMERIC,
maximum_capacity NUMERIC,
start_date TEXT,
end_date TEXT,
minimum_seasonal_energy_efficiency_ratio NUMERIC,
minimum_seasonal_energy_efficiency_ratio_2 NUMERIC,
minimum_energy_efficiency_ratio NUMERIC,
minimum_energy_efficiency_ratio_2 NUMERIC,
minimum_integrated_part_load_value NUMERIC,
minimum_integrated_energy_efficiency_ratio NUMERIC,
minimum_combined_energy_efficiency_ratio NUMERIC,
ptac_eer_coefficient_1 NUMERIC,
ptac_eer_coefficient_2 NUMERIC,
off_mode_power NUMERIC,
minimum_coefficient_of_performance_no_fan_cooling NUMERIC,
annotation TEXT)"
"How do the EER and IEER requirements compare between evaporatively cooled and water cooled single package air conditioners in the 240,000-760,000 Btu/hr range for units installed after 2011, please?","SELECT template,
       equipment_type,
       cooling_type,
       heating_type,
       subcategory,
       minimum_capacity,
       maximum_capacity,
       minimum_energy_efficiency_ratio as eer,
       minimum_integrated_energy_efficiency_ratio as ieer,
       start_date,
       annotation
FROM hvac_minimum_requirements_unitary_air_conditioners_90_1
WHERE equipment_type = 'Air Conditioners'
  AND subcategory = 'Single Package'
  AND cooling_type IN ('EvaporativelyCooled', 'WaterCooled')
  AND minimum_capacity = 240000
  AND maximum_capacity <= 760000
  AND start_date >= '2011-06-01'
ORDER BY cooling_type, heating_type, start_date;","CREATE TABLE hvac_minimum_requirements_unitary_air_conditioners_90_1
(id INTEGER PRIMARY KEY, 
template TEXT NOT NULL, 
equipment_type TEXT NOT NULL, 
cooling_type TEXT NOT NULL,
heating_type TEXT,
subcategory TEXT,
application TEXT,
electric_power_phase NUMERIC,
region TEXT,
minimum_capacity NUMERIC,
maximum_capacity NUMERIC,
start_date TEXT,
end_date TEXT,
minimum_seasonal_energy_efficiency_ratio NUMERIC,
minimum_seasonal_energy_efficiency_ratio_2 NUMERIC,
minimum_energy_efficiency_ratio NUMERIC,
minimum_energy_efficiency_ratio_2 NUMERIC,
minimum_integrated_part_load_value NUMERIC,
minimum_integrated_energy_efficiency_ratio NUMERIC,
minimum_combined_energy_efficiency_ratio NUMERIC,
ptac_eer_coefficient_1 NUMERIC,
ptac_eer_coefficient_2 NUMERIC,
off_mode_power NUMERIC,
minimum_coefficient_of_performance_no_fan_cooling NUMERIC,
annotation TEXT)"
"What's the efficiency improvement between 90.1-2004 and 90.1-2010 standards for air-cooled condensing units, and how do the requirements differ between EER and IPLV metrics","SELECT template,
       equipment_type,
       cooling_type,
       minimum_capacity,
       maximum_capacity,
       minimum_energy_efficiency_ratio as eer,
       minimum_integrated_part_load_value as iplv,
       minimum_integrated_energy_efficiency_ratio as ieer,
       annotation
FROM hvac_minimum_requirements_unitary_air_conditioners_90_1
WHERE equipment_type = 'Condensing Units'
  AND cooling_type = 'AirCooled'
  AND minimum_capacity = 135000
  AND template IN ('90.1-2004', '90.1-2010')
ORDER BY template, minimum_capacity;","CREATE TABLE hvac_minimum_requirements_unitary_air_conditioners_90_1
(id INTEGER PRIMARY KEY, 
template TEXT NOT NULL, 
equipment_type TEXT NOT NULL, 
cooling_type TEXT NOT NULL,
heating_type TEXT,
subcategory TEXT,
application TEXT,
electric_power_phase NUMERIC,
region TEXT,
minimum_capacity NUMERIC,
maximum_capacity NUMERIC,
start_date TEXT,
end_date TEXT,
minimum_seasonal_energy_efficiency_ratio NUMERIC,
minimum_seasonal_energy_efficiency_ratio_2 NUMERIC,
minimum_energy_efficiency_ratio NUMERIC,
minimum_energy_efficiency_ratio_2 NUMERIC,
minimum_integrated_part_load_value NUMERIC,
minimum_integrated_energy_efficiency_ratio NUMERIC,
minimum_combined_energy_efficiency_ratio NUMERIC,
ptac_eer_coefficient_1 NUMERIC,
ptac_eer_coefficient_2 NUMERIC,
off_mode_power NUMERIC,
minimum_coefficient_of_performance_no_fan_cooling NUMERIC,
annotation TEXT)"
"what ' s the efficiency improvement between 90. 1 - 2004 and 90. 1 - 2010 times for air - cooled condensing units, but how will equipment requirements compare between eer and iplv metrics","SELECT template,
       equipment_type,
       cooling_type,
       minimum_capacity,
       maximum_capacity,
       minimum_energy_efficiency_ratio as eer,
       minimum_integrated_part_load_value as iplv,
       minimum_integrated_energy_efficiency_ratio as ieer,
       annotation
FROM hvac_minimum_requirements_unitary_air_conditioners_90_1
WHERE equipment_type = 'Condensing Units'
  AND cooling_type = 'AirCooled'
  AND minimum_capacity = 135000
  AND template IN ('90.1-2004', '90.1-2010')
ORDER BY template, minimum_capacity;","CREATE TABLE hvac_minimum_requirements_unitary_air_conditioners_90_1
(id INTEGER PRIMARY KEY, 
template TEXT NOT NULL, 
equipment_type TEXT NOT NULL, 
cooling_type TEXT NOT NULL,
heating_type TEXT,
subcategory TEXT,
application TEXT,
electric_power_phase NUMERIC,
region TEXT,
minimum_capacity NUMERIC,
maximum_capacity NUMERIC,
start_date TEXT,
end_date TEXT,
minimum_seasonal_energy_efficiency_ratio NUMERIC,
minimum_seasonal_energy_efficiency_ratio_2 NUMERIC,
minimum_energy_efficiency_ratio NUMERIC,
minimum_energy_efficiency_ratio_2 NUMERIC,
minimum_integrated_part_load_value NUMERIC,
minimum_integrated_energy_efficiency_ratio NUMERIC,
minimum_combined_energy_efficiency_ratio NUMERIC,
ptac_eer_coefficient_1 NUMERIC,
ptac_eer_coefficient_2 NUMERIC,
off_mode_power NUMERIC,
minimum_coefficient_of_performance_no_fan_cooling NUMERIC,
annotation TEXT)"
"What's the efficiency improvement between 90.1-2004 and 90.1-2010 standards for air-cooled condensing units, and how do the requirements differ between EER and IPLV metrics, please?","SELECT template,
       equipment_type,
       cooling_type,
       minimum_capacity,
       maximum_capacity,
       minimum_energy_efficiency_ratio as eer,
       minimum_integrated_part_load_value as iplv,
       minimum_integrated_energy_efficiency_ratio as ieer,
       annotation
FROM hvac_minimum_requirements_unitary_air_conditioners_90_1
WHERE equipment_type = 'Condensing Units'
  AND cooling_type = 'AirCooled'
  AND minimum_capacity = 135000
  AND template IN ('90.1-2004', '90.1-2010')
ORDER BY template, minimum_capacity;","CREATE TABLE hvac_minimum_requirements_unitary_air_conditioners_90_1
(id INTEGER PRIMARY KEY, 
template TEXT NOT NULL, 
equipment_type TEXT NOT NULL, 
cooling_type TEXT NOT NULL,
heating_type TEXT,
subcategory TEXT,
application TEXT,
electric_power_phase NUMERIC,
region TEXT,
minimum_capacity NUMERIC,
maximum_capacity NUMERIC,
start_date TEXT,
end_date TEXT,
minimum_seasonal_energy_efficiency_ratio NUMERIC,
minimum_seasonal_energy_efficiency_ratio_2 NUMERIC,
minimum_energy_efficiency_ratio NUMERIC,
minimum_energy_efficiency_ratio_2 NUMERIC,
minimum_integrated_part_load_value NUMERIC,
minimum_integrated_energy_efficiency_ratio NUMERIC,
minimum_combined_energy_efficiency_ratio NUMERIC,
ptac_eer_coefficient_1 NUMERIC,
ptac_eer_coefficient_2 NUMERIC,
off_mode_power NUMERIC,
minimum_coefficient_of_performance_no_fan_cooling NUMERIC,
annotation TEXT)"
"What's the efficiency improvement between 90.1-2004 and 90.1-2010 standards for air-cooled condensing units, and how do the requirements differ between EER and IPLV metrics, would you?","SELECT template,
       equipment_type,
       cooling_type,
       minimum_capacity,
       maximum_capacity,
       minimum_energy_efficiency_ratio as eer,
       minimum_integrated_part_load_value as iplv,
       minimum_integrated_energy_efficiency_ratio as ieer,
       annotation
FROM hvac_minimum_requirements_unitary_air_conditioners_90_1
WHERE equipment_type = 'Condensing Units'
  AND cooling_type = 'AirCooled'
  AND minimum_capacity = 135000
  AND template IN ('90.1-2004', '90.1-2010')
ORDER BY template, minimum_capacity;","CREATE TABLE hvac_minimum_requirements_unitary_air_conditioners_90_1
(id INTEGER PRIMARY KEY, 
template TEXT NOT NULL, 
equipment_type TEXT NOT NULL, 
cooling_type TEXT NOT NULL,
heating_type TEXT,
subcategory TEXT,
application TEXT,
electric_power_phase NUMERIC,
region TEXT,
minimum_capacity NUMERIC,
maximum_capacity NUMERIC,
start_date TEXT,
end_date TEXT,
minimum_seasonal_energy_efficiency_ratio NUMERIC,
minimum_seasonal_energy_efficiency_ratio_2 NUMERIC,
minimum_energy_efficiency_ratio NUMERIC,
minimum_energy_efficiency_ratio_2 NUMERIC,
minimum_integrated_part_load_value NUMERIC,
minimum_integrated_energy_efficiency_ratio NUMERIC,
minimum_combined_energy_efficiency_ratio NUMERIC,
ptac_eer_coefficient_1 NUMERIC,
ptac_eer_coefficient_2 NUMERIC,
off_mode_power NUMERIC,
minimum_coefficient_of_performance_no_fan_cooling NUMERIC,
annotation TEXT)"
"what ' s this efficiency improvement between 90. 1 - 2004 and 90. 1 - 2010 standards for air - cooled condensing units, specifically how do the requirements apply between those en iplv metrics","SELECT template,
       equipment_type,
       cooling_type,
       minimum_capacity,
       maximum_capacity,
       minimum_energy_efficiency_ratio as eer,
       minimum_integrated_part_load_value as iplv,
       minimum_integrated_energy_efficiency_ratio as ieer,
       annotation
FROM hvac_minimum_requirements_unitary_air_conditioners_90_1
WHERE equipment_type = 'Condensing Units'
  AND cooling_type = 'AirCooled'
  AND minimum_capacity = 135000
  AND template IN ('90.1-2004', '90.1-2010')
ORDER BY template, minimum_capacity;","CREATE TABLE hvac_minimum_requirements_unitary_air_conditioners_90_1
(id INTEGER PRIMARY KEY, 
template TEXT NOT NULL, 
equipment_type TEXT NOT NULL, 
cooling_type TEXT NOT NULL,
heating_type TEXT,
subcategory TEXT,
application TEXT,
electric_power_phase NUMERIC,
region TEXT,
minimum_capacity NUMERIC,
maximum_capacity NUMERIC,
start_date TEXT,
end_date TEXT,
minimum_seasonal_energy_efficiency_ratio NUMERIC,
minimum_seasonal_energy_efficiency_ratio_2 NUMERIC,
minimum_energy_efficiency_ratio NUMERIC,
minimum_energy_efficiency_ratio_2 NUMERIC,
minimum_integrated_part_load_value NUMERIC,
minimum_integrated_energy_efficiency_ratio NUMERIC,
minimum_combined_energy_efficiency_ratio NUMERIC,
ptac_eer_coefficient_1 NUMERIC,
ptac_eer_coefficient_2 NUMERIC,
off_mode_power NUMERIC,
minimum_coefficient_of_performance_no_fan_cooling NUMERIC,
annotation TEXT)"
"How do ground-source VRF systems compare to water-source systems in terms of cooling efficiency requirements, and which source type demands higher performance standards?","SELECT 
    template,
    equipment_type,
	subcategory,
    minimum_capacity,
    maximum_capacity,
    minimum_energy_efficiency_ratio,
    annotation
FROM hvac_minimum_requirements_variable_refrigerant_flow_systems_90_1
WHERE equipment_type IN ('GroundSourceCoolingMode', 'WaterSourceCoolingMode', 
                         'GroundWaterSourceCoolingMode')
  AND minimum_capacity = 0
  AND template IN ('90.1-2016', '90.1-2019', '90.1-2022', '90.1-2025')
ORDER BY template, equipment_type;","CREATE TABLE hvac_minimum_requirements_variable_refrigerant_flow_systems_90_1
(id INTEGER PRIMARY KEY, 
template TEXT NOT NULL, 
equipment_type TEXT NOT NULL,
heating_type TEXT,
subcategory TEXT,
minimum_capacity NUMERIC,
maximum_capacity NUMERIC,
start_date TEXT,
end_date TEXT,
minimum_seasonal_energy_efficiency_ratio NUMERIC,
minimum_seasonal_energy_efficiency_ratio_2 NUMERIC,
minimum_energy_efficiency_ratio NUMERIC,
minimum_energy_efficiency_ratio_2 NUMERIC,
minimum_integrated_part_load_value NUMERIC,
minimum_heating_seasonal_performance_factor NUMERIC,
minimum_heating_seasonal_performance_factor_2 NUMERIC,
minimum_coefficient_of_performance_heating NUMERIC,
annotation TEXT)"
"could you How do ground-source VRF systems compare to water-source systems in terms of cooling efficiency requirements, and which source type demands higher performance standards?","SELECT 
    template,
    equipment_type,
	subcategory,
    minimum_capacity,
    maximum_capacity,
    minimum_energy_efficiency_ratio,
    annotation
FROM hvac_minimum_requirements_variable_refrigerant_flow_systems_90_1
WHERE equipment_type IN ('GroundSourceCoolingMode', 'WaterSourceCoolingMode', 
                         'GroundWaterSourceCoolingMode')
  AND minimum_capacity = 0
  AND template IN ('90.1-2016', '90.1-2019', '90.1-2022', '90.1-2025')
ORDER BY template, equipment_type;","CREATE TABLE hvac_minimum_requirements_variable_refrigerant_flow_systems_90_1
(id INTEGER PRIMARY KEY, 
template TEXT NOT NULL, 
equipment_type TEXT NOT NULL,
heating_type TEXT,
subcategory TEXT,
minimum_capacity NUMERIC,
maximum_capacity NUMERIC,
start_date TEXT,
end_date TEXT,
minimum_seasonal_energy_efficiency_ratio NUMERIC,
minimum_seasonal_energy_efficiency_ratio_2 NUMERIC,
minimum_energy_efficiency_ratio NUMERIC,
minimum_energy_efficiency_ratio_2 NUMERIC,
minimum_integrated_part_load_value NUMERIC,
minimum_heating_seasonal_performance_factor NUMERIC,
minimum_heating_seasonal_performance_factor_2 NUMERIC,
minimum_coefficient_of_performance_heating NUMERIC,
annotation TEXT)"
"would you How do ground-source VRF systems compare to water-source systems in terms of cooling efficiency requirements, and which source type demands higher performance standards?","SELECT 
    template,
    equipment_type,
	subcategory,
    minimum_capacity,
    maximum_capacity,
    minimum_energy_efficiency_ratio,
    annotation
FROM hvac_minimum_requirements_variable_refrigerant_flow_systems_90_1
WHERE equipment_type IN ('GroundSourceCoolingMode', 'WaterSourceCoolingMode', 
                         'GroundWaterSourceCoolingMode')
  AND minimum_capacity = 0
  AND template IN ('90.1-2016', '90.1-2019', '90.1-2022', '90.1-2025')
ORDER BY template, equipment_type;","CREATE TABLE hvac_minimum_requirements_variable_refrigerant_flow_systems_90_1
(id INTEGER PRIMARY KEY, 
template TEXT NOT NULL, 
equipment_type TEXT NOT NULL,
heating_type TEXT,
subcategory TEXT,
minimum_capacity NUMERIC,
maximum_capacity NUMERIC,
start_date TEXT,
end_date TEXT,
minimum_seasonal_energy_efficiency_ratio NUMERIC,
minimum_seasonal_energy_efficiency_ratio_2 NUMERIC,
minimum_energy_efficiency_ratio NUMERIC,
minimum_energy_efficiency_ratio_2 NUMERIC,
minimum_integrated_part_load_value NUMERIC,
minimum_heating_seasonal_performance_factor NUMERIC,
minimum_heating_seasonal_performance_factor_2 NUMERIC,
minimum_coefficient_of_performance_heating NUMERIC,
annotation TEXT)"
"What are all the space types that use natural gas equipment, and what schedule sets do they follow for their operations?","SELECT space_type_name,
       natural_gas_equipment_space_type_name,
       schedule_set_name,
       lighting_space_type_name,
       annotation
FROM level_1_space_types
WHERE natural_gas_equipment_space_type_name IS NOT NULL
ORDER BY schedule_set_name, space_type_name;","CREATE TABLE level_1_space_types
(id INTEGER PRIMARY KEY, 
space_type_name TEXT NOT NULL,
lighting_space_type_name TEXT,
ventilation_space_type_name TEXT,
electric_equipment_space_type_name TEXT,
natural_gas_equipment_space_type_name TEXT,
schedule_set_name TEXT,
annotation TEXT,
FOREIGN KEY(lighting_space_type_name) REFERENCES support_lighting_space_type_name_tags(lighting_space_type_name)
FOREIGN KEY(ventilation_space_type_name) REFERENCES support_ventilation_space_type_name_tags(ventilation_space_type_name)
FOREIGN KEY(electric_equipment_space_type_name) REFERENCES support_electric_equipment_space_type_name_tags(support_electric_equipment_space_type_name_tags)
)"
"What are all the space types that use natural gas equipment, and what schedule sets do they follow for their operations, please?","SELECT space_type_name,
       natural_gas_equipment_space_type_name,
       schedule_set_name,
       lighting_space_type_name,
       annotation
FROM level_1_space_types
WHERE natural_gas_equipment_space_type_name IS NOT NULL
ORDER BY schedule_set_name, space_type_name;","CREATE TABLE level_1_space_types
(id INTEGER PRIMARY KEY, 
space_type_name TEXT NOT NULL,
lighting_space_type_name TEXT,
ventilation_space_type_name TEXT,
electric_equipment_space_type_name TEXT,
natural_gas_equipment_space_type_name TEXT,
schedule_set_name TEXT,
annotation TEXT,
FOREIGN KEY(lighting_space_type_name) REFERENCES support_lighting_space_type_name_tags(lighting_space_type_name)
FOREIGN KEY(ventilation_space_type_name) REFERENCES support_ventilation_space_type_name_tags(ventilation_space_type_name)
FOREIGN KEY(electric_equipment_space_type_name) REFERENCES support_electric_equipment_space_type_name_tags(support_electric_equipment_space_type_name_tags)
)"
"so are all the corporate types that use natural gas equipment, just what schedule sets do they follow for their operations?","SELECT space_type_name,
       natural_gas_equipment_space_type_name,
       schedule_set_name,
       lighting_space_type_name,
       annotation
FROM level_1_space_types
WHERE natural_gas_equipment_space_type_name IS NOT NULL
ORDER BY schedule_set_name, space_type_name;","CREATE TABLE level_1_space_types
(id INTEGER PRIMARY KEY, 
space_type_name TEXT NOT NULL,
lighting_space_type_name TEXT,
ventilation_space_type_name TEXT,
electric_equipment_space_type_name TEXT,
natural_gas_equipment_space_type_name TEXT,
schedule_set_name TEXT,
annotation TEXT,
FOREIGN KEY(lighting_space_type_name) REFERENCES support_lighting_space_type_name_tags(lighting_space_type_name)
FOREIGN KEY(ventilation_space_type_name) REFERENCES support_ventilation_space_type_name_tags(ventilation_space_type_name)
FOREIGN KEY(electric_equipment_space_type_name) REFERENCES support_electric_equipment_space_type_name_tags(support_electric_equipment_space_type_name_tags)
)"
"What are all the space types that use natural gas equipment, and what schedule sets do they follow for their operations, please?","SELECT space_type_name,
       natural_gas_equipment_space_type_name,
       schedule_set_name,
       lighting_space_type_name,
       annotation
FROM level_1_space_types
WHERE natural_gas_equipment_space_type_name IS NOT NULL
ORDER BY schedule_set_name, space_type_name;","CREATE TABLE level_1_space_types
(id INTEGER PRIMARY KEY, 
space_type_name TEXT NOT NULL,
lighting_space_type_name TEXT,
ventilation_space_type_name TEXT,
electric_equipment_space_type_name TEXT,
natural_gas_equipment_space_type_name TEXT,
schedule_set_name TEXT,
annotation TEXT,
FOREIGN KEY(lighting_space_type_name) REFERENCES support_lighting_space_type_name_tags(lighting_space_type_name)
FOREIGN KEY(ventilation_space_type_name) REFERENCES support_ventilation_space_type_name_tags(ventilation_space_type_name)
FOREIGN KEY(electric_equipment_space_type_name) REFERENCES support_electric_equipment_space_type_name_tags(support_electric_equipment_space_type_name_tags)
)"
"what with all the space types that use natural gas heating, and what schedule sets do they follow for space operations?","SELECT space_type_name,
       natural_gas_equipment_space_type_name,
       schedule_set_name,
       lighting_space_type_name,
       annotation
FROM level_1_space_types
WHERE natural_gas_equipment_space_type_name IS NOT NULL
ORDER BY schedule_set_name, space_type_name;","CREATE TABLE level_1_space_types
(id INTEGER PRIMARY KEY, 
space_type_name TEXT NOT NULL,
lighting_space_type_name TEXT,
ventilation_space_type_name TEXT,
electric_equipment_space_type_name TEXT,
natural_gas_equipment_space_type_name TEXT,
schedule_set_name TEXT,
annotation TEXT,
FOREIGN KEY(lighting_space_type_name) REFERENCES support_lighting_space_type_name_tags(lighting_space_type_name)
FOREIGN KEY(ventilation_space_type_name) REFERENCES support_ventilation_space_type_name_tags(ventilation_space_type_name)
FOREIGN KEY(electric_equipment_space_type_name) REFERENCES support_electric_equipment_space_type_name_tags(support_electric_equipment_space_type_name_tags)
)"
"Which space types share the same electric equipment profiles but have different ventilation requirements, and how do their schedule patterns compare?","SELECT space_type_name,
       electric_equipment_space_type_name,
       ventilation_space_type_name,
       schedule_set_name,
       annotation
FROM level_1_space_types
WHERE electric_equipment_space_type_name IN (
    SELECT electric_equipment_space_type_name 
    FROM level_1_space_types 
    WHERE electric_equipment_space_type_name IS NOT NULL
    GROUP BY electric_equipment_space_type_name 
    HAVING COUNT(*) > 1
)
ORDER BY electric_equipment_space_type_name, space_type_name;","CREATE TABLE level_1_space_types
(id INTEGER PRIMARY KEY, 
space_type_name TEXT NOT NULL,
lighting_space_type_name TEXT,
ventilation_space_type_name TEXT,
electric_equipment_space_type_name TEXT,
natural_gas_equipment_space_type_name TEXT,
schedule_set_name TEXT,
annotation TEXT,
FOREIGN KEY(lighting_space_type_name) REFERENCES support_lighting_space_type_name_tags(lighting_space_type_name)
FOREIGN KEY(ventilation_space_type_name) REFERENCES support_ventilation_space_type_name_tags(ventilation_space_type_name)
FOREIGN KEY(electric_equipment_space_type_name) REFERENCES support_electric_equipment_space_type_name_tags(support_electric_equipment_space_type_name_tags)
); CREATE TABLE level_1_space_types
(id INTEGER PRIMARY KEY, 
space_type_name TEXT NOT NULL,
lighting_space_type_name TEXT,
ventilation_space_type_name TEXT,
electric_equipment_space_type_name TEXT,
natural_gas_equipment_space_type_name TEXT,
schedule_set_name TEXT,
annotation TEXT,
FOREIGN KEY(lighting_space_type_name) REFERENCES support_lighting_space_type_name_tags(lighting_space_type_name)
FOREIGN KEY(ventilation_space_type_name) REFERENCES support_ventilation_space_type_name_tags(ventilation_space_type_name)
FOREIGN KEY(electric_equipment_space_type_name) REFERENCES support_electric_equipment_space_type_name_tags(support_electric_equipment_space_type_name_tags)
)"
"which space types share the same electric equipment profiles but have similar ventilation characteristics, and how do their use patterns compare?","SELECT space_type_name,
       electric_equipment_space_type_name,
       ventilation_space_type_name,
       schedule_set_name,
       annotation
FROM level_1_space_types
WHERE electric_equipment_space_type_name IN (
    SELECT electric_equipment_space_type_name 
    FROM level_1_space_types 
    WHERE electric_equipment_space_type_name IS NOT NULL
    GROUP BY electric_equipment_space_type_name 
    HAVING COUNT(*) > 1
)
ORDER BY electric_equipment_space_type_name, space_type_name;","CREATE TABLE level_1_space_types
(id INTEGER PRIMARY KEY, 
space_type_name TEXT NOT NULL,
lighting_space_type_name TEXT,
ventilation_space_type_name TEXT,
electric_equipment_space_type_name TEXT,
natural_gas_equipment_space_type_name TEXT,
schedule_set_name TEXT,
annotation TEXT,
FOREIGN KEY(lighting_space_type_name) REFERENCES support_lighting_space_type_name_tags(lighting_space_type_name)
FOREIGN KEY(ventilation_space_type_name) REFERENCES support_ventilation_space_type_name_tags(ventilation_space_type_name)
FOREIGN KEY(electric_equipment_space_type_name) REFERENCES support_electric_equipment_space_type_name_tags(support_electric_equipment_space_type_name_tags)
); CREATE TABLE level_1_space_types
(id INTEGER PRIMARY KEY, 
space_type_name TEXT NOT NULL,
lighting_space_type_name TEXT,
ventilation_space_type_name TEXT,
electric_equipment_space_type_name TEXT,
natural_gas_equipment_space_type_name TEXT,
schedule_set_name TEXT,
annotation TEXT,
FOREIGN KEY(lighting_space_type_name) REFERENCES support_lighting_space_type_name_tags(lighting_space_type_name)
FOREIGN KEY(ventilation_space_type_name) REFERENCES support_ventilation_space_type_name_tags(ventilation_space_type_name)
FOREIGN KEY(electric_equipment_space_type_name) REFERENCES support_electric_equipment_space_type_name_tags(support_electric_equipment_space_type_name_tags)
)"
"why these types share the same electric equipment profiles but have different ventilation requirements, and how do their schedule patterns change?","SELECT space_type_name,
       electric_equipment_space_type_name,
       ventilation_space_type_name,
       schedule_set_name,
       annotation
FROM level_1_space_types
WHERE electric_equipment_space_type_name IN (
    SELECT electric_equipment_space_type_name 
    FROM level_1_space_types 
    WHERE electric_equipment_space_type_name IS NOT NULL
    GROUP BY electric_equipment_space_type_name 
    HAVING COUNT(*) > 1
)
ORDER BY electric_equipment_space_type_name, space_type_name;","CREATE TABLE level_1_space_types
(id INTEGER PRIMARY KEY, 
space_type_name TEXT NOT NULL,
lighting_space_type_name TEXT,
ventilation_space_type_name TEXT,
electric_equipment_space_type_name TEXT,
natural_gas_equipment_space_type_name TEXT,
schedule_set_name TEXT,
annotation TEXT,
FOREIGN KEY(lighting_space_type_name) REFERENCES support_lighting_space_type_name_tags(lighting_space_type_name)
FOREIGN KEY(ventilation_space_type_name) REFERENCES support_ventilation_space_type_name_tags(ventilation_space_type_name)
FOREIGN KEY(electric_equipment_space_type_name) REFERENCES support_electric_equipment_space_type_name_tags(support_electric_equipment_space_type_name_tags)
); CREATE TABLE level_1_space_types
(id INTEGER PRIMARY KEY, 
space_type_name TEXT NOT NULL,
lighting_space_type_name TEXT,
ventilation_space_type_name TEXT,
electric_equipment_space_type_name TEXT,
natural_gas_equipment_space_type_name TEXT,
schedule_set_name TEXT,
annotation TEXT,
FOREIGN KEY(lighting_space_type_name) REFERENCES support_lighting_space_type_name_tags(lighting_space_type_name)
FOREIGN KEY(ventilation_space_type_name) REFERENCES support_ventilation_space_type_name_tags(ventilation_space_type_name)
FOREIGN KEY(electric_equipment_space_type_name) REFERENCES support_electric_equipment_space_type_name_tags(support_electric_equipment_space_type_name_tags)
)"
